conversation_id,scenario,layer,cka,baseline
T0/test/0,T0,0,0.5491173,cka
T0/test/0,T0,1,0.6565307,cka
T0/test/0,T0,2,0.7260043,cka
T0/test/0,T0,3,0.75127697,cka
T0/test/0,T0,4,0.74160737,cka
T0/test/0,T0,5,0.6827468,cka
T0/test/0,T0,6,0.5909538,cka
T0/test/0,T0,7,0.56130695,cka
T0/test/0,T0,8,0.46476594,cka
T0/test/0,T0,9,0.40911558,cka
T0/test/0,T0,10,0.36476943,cka
T0/test/0,T0,11,0.5652828,cka
T0/test/1,T0,0,0.5066409,cka
T0/test/1,T0,1,0.6738809,cka
T0/test/1,T0,2,0.744108,cka
T0/test/1,T0,3,0.76548547,cka
T0/test/1,T0,4,0.7373511,cka
T0/test/1,T0,5,0.6586989,cka
T0/test/1,T0,6,0.5418766,cka
T0/test/1,T0,7,0.49173668,cka
T0/test/1,T0,8,0.38396385,cka
T0/test/1,T0,9,0.2508273,cka
T0/test/1,T0,10,0.21696511,cka
T0/test/1,T0,11,0.2480748,cka
T0/test/2,T0,0,0.5066409,cka
T0/test/2,T0,1,0.6738809,cka
T0/test/2,T0,2,0.744108,cka
T0/test/2,T0,3,0.76548547,cka
T0/test/2,T0,4,0.7373511,cka
T0/test/2,T0,5,0.6586989,cka
T0/test/2,T0,6,0.5418766,cka
T0/test/2,T0,7,0.49173668,cka
T0/test/2,T0,8,0.38396385,cka
T0/test/2,T0,9,0.2508273,cka
T0/test/2,T0,10,0.21696511,cka
T0/test/2,T0,11,0.2480748,cka
T0/test/3,T0,0,0.47231284,cka
T0/test/3,T0,1,0.62991303,cka
T0/test/3,T0,2,0.70555675,cka
T0/test/3,T0,3,0.7513843,cka
T0/test/3,T0,4,0.74763906,cka
T0/test/3,T0,5,0.69522107,cka
T0/test/3,T0,6,0.6279254,cka
T0/test/3,T0,7,0.6238338,cka
T0/test/3,T0,8,0.54944927,cka
T0/test/3,T0,9,0.4928287,cka
T0/test/3,T0,10,0.4827818,cka
T0/test/3,T0,11,0.6860317,cka
T0/test/4,T0,0,0.5106909,cka
T0/test/4,T0,1,0.6294466,cka
T0/test/4,T0,2,0.6712939,cka
T0/test/4,T0,3,0.6980642,cka
T0/test/4,T0,4,0.6532816,cka
T0/test/4,T0,5,0.57363427,cka
T0/test/4,T0,6,0.45370254,cka
T0/test/4,T0,7,0.3788241,cka
T0/test/4,T0,8,0.27576536,cka
T0/test/4,T0,9,0.17315325,cka
T0/test/4,T0,10,0.14853267,cka
T0/test/4,T0,11,0.39616024,cka
T0/test/5,T0,0,0.5491173,cka
T0/test/5,T0,1,0.6565307,cka
T0/test/5,T0,2,0.7260043,cka
T0/test/5,T0,3,0.75127697,cka
T0/test/5,T0,4,0.74160737,cka
T0/test/5,T0,5,0.6827468,cka
T0/test/5,T0,6,0.5909538,cka
T0/test/5,T0,7,0.56130695,cka
T0/test/5,T0,8,0.46476594,cka
T0/test/5,T0,9,0.40911558,cka
T0/test/5,T0,10,0.36476943,cka
T0/test/5,T0,11,0.5652828,cka
T0/test/6,T0,0,0.5491173,cka
T0/test/6,T0,1,0.6565307,cka
T0/test/6,T0,2,0.7260043,cka
T0/test/6,T0,3,0.75127697,cka
T0/test/6,T0,4,0.74160737,cka
T0/test/6,T0,5,0.6827468,cka
T0/test/6,T0,6,0.5909538,cka
T0/test/6,T0,7,0.56130695,cka
T0/test/6,T0,8,0.46476594,cka
T0/test/6,T0,9,0.40911558,cka
T0/test/6,T0,10,0.36476943,cka
T0/test/6,T0,11,0.5652828,cka
T0/test/7,T0,0,0.5066409,cka
T0/test/7,T0,1,0.6738809,cka
T0/test/7,T0,2,0.744108,cka
T0/test/7,T0,3,0.76548547,cka
T0/test/7,T0,4,0.7373511,cka
T0/test/7,T0,5,0.6586989,cka
T0/test/7,T0,6,0.5418766,cka
T0/test/7,T0,7,0.49173668,cka
T0/test/7,T0,8,0.38396385,cka
T0/test/7,T0,9,0.2508273,cka
T0/test/7,T0,10,0.21696511,cka
T0/test/7,T0,11,0.2480748,cka
T0/test/8,T0,0,0.48292482,cka
T0/test/8,T0,1,0.6123697,cka
T0/test/8,T0,2,0.67856115,cka
T0/test/8,T0,3,0.69969916,cka
T0/test/8,T0,4,0.67064756,cka
T0/test/8,T0,5,0.5814238,cka
T0/test/8,T0,6,0.48480615,cka
T0/test/8,T0,7,0.42507163,cka
T0/test/8,T0,8,0.318592,cka
T0/test/8,T0,9,0.20949249,cka
T0/test/8,T0,10,0.15837823,cka
T0/test/8,T0,11,0.22107182,cka
T0/test/9,T0,0,0.4856225,cka
T0/test/9,T0,1,0.62970823,cka
T0/test/9,T0,2,0.69290704,cka
T0/test/9,T0,3,0.7176009,cka
T0/test/9,T0,4,0.68662053,cka
T0/test/9,T0,5,0.6019945,cka
T0/test/9,T0,6,0.5152994,cka
T0/test/9,T0,7,0.4632525,cka
T0/test/9,T0,8,0.3625506,cka
T0/test/9,T0,9,0.22082077,cka
T0/test/9,T0,10,0.18972409,cka
T0/test/9,T0,11,0.49374184,cka
T0/test/10,T0,0,0.5106909,cka
T0/test/10,T0,1,0.6294466,cka
T0/test/10,T0,2,0.6712939,cka
T0/test/10,T0,3,0.6980642,cka
T0/test/10,T0,4,0.6532816,cka
T0/test/10,T0,5,0.57363427,cka
T0/test/10,T0,6,0.45370254,cka
T0/test/10,T0,7,0.3788241,cka
T0/test/10,T0,8,0.27576536,cka
T0/test/10,T0,9,0.17315325,cka
T0/test/10,T0,10,0.14853267,cka
T0/test/10,T0,11,0.39616024,cka
T0/test/11,T0,0,0.4856225,cka
T0/test/11,T0,1,0.62970823,cka
T0/test/11,T0,2,0.69290704,cka
T0/test/11,T0,3,0.7176009,cka
T0/test/11,T0,4,0.68662053,cka
T0/test/11,T0,5,0.6019945,cka
T0/test/11,T0,6,0.5152994,cka
T0/test/11,T0,7,0.4632525,cka
T0/test/11,T0,8,0.3625506,cka
T0/test/11,T0,9,0.22082077,cka
T0/test/11,T0,10,0.18972409,cka
T0/test/11,T0,11,0.49374184,cka
T0/test/12,T0,0,0.5491173,cka
T0/test/12,T0,1,0.6565307,cka
T0/test/12,T0,2,0.7260043,cka
T0/test/12,T0,3,0.75127697,cka
T0/test/12,T0,4,0.74160737,cka
T0/test/12,T0,5,0.6827468,cka
T0/test/12,T0,6,0.5909538,cka
T0/test/12,T0,7,0.56130695,cka
T0/test/12,T0,8,0.46476594,cka
T0/test/12,T0,9,0.40911558,cka
T0/test/12,T0,10,0.36476943,cka
T0/test/12,T0,11,0.5652828,cka
T0/test/13,T0,0,0.48292482,cka
T0/test/13,T0,1,0.6123697,cka
T0/test/13,T0,2,0.67856115,cka
T0/test/13,T0,3,0.69969916,cka
T0/test/13,T0,4,0.67064756,cka
T0/test/13,T0,5,0.5814238,cka
T0/test/13,T0,6,0.48480615,cka
T0/test/13,T0,7,0.42507163,cka
T0/test/13,T0,8,0.318592,cka
T0/test/13,T0,9,0.20949249,cka
T0/test/13,T0,10,0.15837823,cka
T0/test/13,T0,11,0.22107182,cka
T0/test/14,T0,0,0.5491173,cka
T0/test/14,T0,1,0.6565307,cka
T0/test/14,T0,2,0.7260043,cka
T0/test/14,T0,3,0.75127697,cka
T0/test/14,T0,4,0.74160737,cka
T0/test/14,T0,5,0.6827468,cka
T0/test/14,T0,6,0.5909538,cka
T0/test/14,T0,7,0.56130695,cka
T0/test/14,T0,8,0.46476594,cka
T0/test/14,T0,9,0.40911558,cka
T0/test/14,T0,10,0.36476943,cka
T0/test/14,T0,11,0.5652828,cka
T0/test/15,T0,0,0.5491173,cka
T0/test/15,T0,1,0.6565307,cka
T0/test/15,T0,2,0.7260043,cka
T0/test/15,T0,3,0.75127697,cka
T0/test/15,T0,4,0.74160737,cka
T0/test/15,T0,5,0.6827468,cka
T0/test/15,T0,6,0.5909538,cka
T0/test/15,T0,7,0.56130695,cka
T0/test/15,T0,8,0.46476594,cka
T0/test/15,T0,9,0.40911558,cka
T0/test/15,T0,10,0.36476943,cka
T0/test/15,T0,11,0.5652828,cka
T0/test/16,T0,0,0.5106909,cka
T0/test/16,T0,1,0.6294466,cka
T0/test/16,T0,2,0.6712939,cka
T0/test/16,T0,3,0.6980642,cka
T0/test/16,T0,4,0.6532816,cka
T0/test/16,T0,5,0.57363427,cka
T0/test/16,T0,6,0.45370254,cka
T0/test/16,T0,7,0.3788241,cka
T0/test/16,T0,8,0.27576536,cka
T0/test/16,T0,9,0.17315325,cka
T0/test/16,T0,10,0.14853267,cka
T0/test/16,T0,11,0.39616024,cka
T0/test/17,T0,0,0.4856225,cka
T0/test/17,T0,1,0.62970823,cka
T0/test/17,T0,2,0.69290704,cka
T0/test/17,T0,3,0.7176009,cka
T0/test/17,T0,4,0.68662053,cka
T0/test/17,T0,5,0.6019945,cka
T0/test/17,T0,6,0.5152994,cka
T0/test/17,T0,7,0.4632525,cka
T0/test/17,T0,8,0.3625506,cka
T0/test/17,T0,9,0.22082077,cka
T0/test/17,T0,10,0.18972409,cka
T0/test/17,T0,11,0.49374184,cka
T0/test/18,T0,0,0.5066409,cka
T0/test/18,T0,1,0.6738809,cka
T0/test/18,T0,2,0.744108,cka
T0/test/18,T0,3,0.76548547,cka
T0/test/18,T0,4,0.7373511,cka
T0/test/18,T0,5,0.6586989,cka
T0/test/18,T0,6,0.5418766,cka
T0/test/18,T0,7,0.49173668,cka
T0/test/18,T0,8,0.38396385,cka
T0/test/18,T0,9,0.2508273,cka
T0/test/18,T0,10,0.21696511,cka
T0/test/18,T0,11,0.2480748,cka
T0/test/19,T0,0,0.47231284,cka
T0/test/19,T0,1,0.62991303,cka
T0/test/19,T0,2,0.70555675,cka
T0/test/19,T0,3,0.7513843,cka
T0/test/19,T0,4,0.74763906,cka
T0/test/19,T0,5,0.69522107,cka
T0/test/19,T0,6,0.6279254,cka
T0/test/19,T0,7,0.6238338,cka
T0/test/19,T0,8,0.54944927,cka
T0/test/19,T0,9,0.4928287,cka
T0/test/19,T0,10,0.4827818,cka
T0/test/19,T0,11,0.6860317,cka
T0/test/20,T0,0,0.5106909,cka
T0/test/20,T0,1,0.6294466,cka
T0/test/20,T0,2,0.6712939,cka
T0/test/20,T0,3,0.6980642,cka
T0/test/20,T0,4,0.6532816,cka
T0/test/20,T0,5,0.57363427,cka
T0/test/20,T0,6,0.45370254,cka
T0/test/20,T0,7,0.3788241,cka
T0/test/20,T0,8,0.27576536,cka
T0/test/20,T0,9,0.17315325,cka
T0/test/20,T0,10,0.14853267,cka
T0/test/20,T0,11,0.39616024,cka
T0/test/21,T0,0,0.48292482,cka
T0/test/21,T0,1,0.6123697,cka
T0/test/21,T0,2,0.67856115,cka
T0/test/21,T0,3,0.69969916,cka
T0/test/21,T0,4,0.67064756,cka
T0/test/21,T0,5,0.5814238,cka
T0/test/21,T0,6,0.48480615,cka
T0/test/21,T0,7,0.42507163,cka
T0/test/21,T0,8,0.318592,cka
T0/test/21,T0,9,0.20949249,cka
T0/test/21,T0,10,0.15837823,cka
T0/test/21,T0,11,0.22107182,cka
T0/test/22,T0,0,0.4856225,cka
T0/test/22,T0,1,0.62970823,cka
T0/test/22,T0,2,0.69290704,cka
T0/test/22,T0,3,0.7176009,cka
T0/test/22,T0,4,0.68662053,cka
T0/test/22,T0,5,0.6019945,cka
T0/test/22,T0,6,0.5152994,cka
T0/test/22,T0,7,0.4632525,cka
T0/test/22,T0,8,0.3625506,cka
T0/test/22,T0,9,0.22082077,cka
T0/test/22,T0,10,0.18972409,cka
T0/test/22,T0,11,0.49374184,cka
T0/test/23,T0,0,0.5066409,cka
T0/test/23,T0,1,0.6738809,cka
T0/test/23,T0,2,0.744108,cka
T0/test/23,T0,3,0.76548547,cka
T0/test/23,T0,4,0.7373511,cka
T0/test/23,T0,5,0.6586989,cka
T0/test/23,T0,6,0.5418766,cka
T0/test/23,T0,7,0.49173668,cka
T0/test/23,T0,8,0.38396385,cka
T0/test/23,T0,9,0.2508273,cka
T0/test/23,T0,10,0.21696511,cka
T0/test/23,T0,11,0.2480748,cka
T0/test/24,T0,0,0.5066409,cka
T0/test/24,T0,1,0.6738809,cka
T0/test/24,T0,2,0.744108,cka
T0/test/24,T0,3,0.76548547,cka
T0/test/24,T0,4,0.7373511,cka
T0/test/24,T0,5,0.6586989,cka
T0/test/24,T0,6,0.5418766,cka
T0/test/24,T0,7,0.49173668,cka
T0/test/24,T0,8,0.38396385,cka
T0/test/24,T0,9,0.2508273,cka
T0/test/24,T0,10,0.21696511,cka
T0/test/24,T0,11,0.2480748,cka
T0/test/25,T0,0,0.47231284,cka
T0/test/25,T0,1,0.62991303,cka
T0/test/25,T0,2,0.70555675,cka
T0/test/25,T0,3,0.7513843,cka
T0/test/25,T0,4,0.74763906,cka
T0/test/25,T0,5,0.69522107,cka
T0/test/25,T0,6,0.6279254,cka
T0/test/25,T0,7,0.6238338,cka
T0/test/25,T0,8,0.54944927,cka
T0/test/25,T0,9,0.4928287,cka
T0/test/25,T0,10,0.4827818,cka
T0/test/25,T0,11,0.6860317,cka
T0/test/26,T0,0,0.5106909,cka
T0/test/26,T0,1,0.6294466,cka
T0/test/26,T0,2,0.6712939,cka
T0/test/26,T0,3,0.6980642,cka
T0/test/26,T0,4,0.6532816,cka
T0/test/26,T0,5,0.57363427,cka
T0/test/26,T0,6,0.45370254,cka
T0/test/26,T0,7,0.3788241,cka
T0/test/26,T0,8,0.27576536,cka
T0/test/26,T0,9,0.17315325,cka
T0/test/26,T0,10,0.14853267,cka
T0/test/26,T0,11,0.39616024,cka
T0/test/27,T0,0,0.5491173,cka
T0/test/27,T0,1,0.6565307,cka
T0/test/27,T0,2,0.7260043,cka
T0/test/27,T0,3,0.75127697,cka
T0/test/27,T0,4,0.74160737,cka
T0/test/27,T0,5,0.6827468,cka
T0/test/27,T0,6,0.5909538,cka
T0/test/27,T0,7,0.56130695,cka
T0/test/27,T0,8,0.46476594,cka
T0/test/27,T0,9,0.40911558,cka
T0/test/27,T0,10,0.36476943,cka
T0/test/27,T0,11,0.5652828,cka
T0/test/28,T0,0,0.5491173,cka
T0/test/28,T0,1,0.6565307,cka
T0/test/28,T0,2,0.7260043,cka
T0/test/28,T0,3,0.75127697,cka
T0/test/28,T0,4,0.74160737,cka
T0/test/28,T0,5,0.6827468,cka
T0/test/28,T0,6,0.5909538,cka
T0/test/28,T0,7,0.56130695,cka
T0/test/28,T0,8,0.46476594,cka
T0/test/28,T0,9,0.40911558,cka
T0/test/28,T0,10,0.36476943,cka
T0/test/28,T0,11,0.5652828,cka
T0/test/29,T0,0,0.48292482,cka
T0/test/29,T0,1,0.6123697,cka
T0/test/29,T0,2,0.67856115,cka
T0/test/29,T0,3,0.69969916,cka
T0/test/29,T0,4,0.67064756,cka
T0/test/29,T0,5,0.5814238,cka
T0/test/29,T0,6,0.48480615,cka
T0/test/29,T0,7,0.42507163,cka
T0/test/29,T0,8,0.318592,cka
T0/test/29,T0,9,0.20949249,cka
T0/test/29,T0,10,0.15837823,cka
T0/test/29,T0,11,0.22107182,cka
T1/test/0,T1,0,0.82130027,cka
T1/test/0,T1,1,0.8571409,cka
T1/test/0,T1,2,0.856674,cka
T1/test/0,T1,3,0.81607914,cka
T1/test/0,T1,4,0.75803643,cka
T1/test/0,T1,5,0.6467985,cka
T1/test/0,T1,6,0.5413996,cka
T1/test/0,T1,7,0.47335294,cka
T1/test/0,T1,8,0.3375393,cka
T1/test/0,T1,9,0.23353167,cka
T1/test/0,T1,10,0.17528735,cka
T1/test/0,T1,11,0.29710805,cka
T1/test/1,T1,0,0.67847914,cka
T1/test/1,T1,1,0.7662325,cka
T1/test/1,T1,2,0.79674065,cka
T1/test/1,T1,3,0.78586495,cka
T1/test/1,T1,4,0.75247115,cka
T1/test/1,T1,5,0.6313684,cka
T1/test/1,T1,6,0.54721045,cka
T1/test/1,T1,7,0.5091372,cka
T1/test/1,T1,8,0.45372722,cka
T1/test/1,T1,9,0.36167488,cka
T1/test/1,T1,10,0.32098117,cka
T1/test/1,T1,11,0.47943035,cka
T1/test/2,T1,0,0.67847914,cka
T1/test/2,T1,1,0.7662325,cka
T1/test/2,T1,2,0.79674065,cka
T1/test/2,T1,3,0.78586495,cka
T1/test/2,T1,4,0.75247115,cka
T1/test/2,T1,5,0.6313684,cka
T1/test/2,T1,6,0.54721045,cka
T1/test/2,T1,7,0.5091372,cka
T1/test/2,T1,8,0.45372722,cka
T1/test/2,T1,9,0.36167488,cka
T1/test/2,T1,10,0.32098117,cka
T1/test/2,T1,11,0.47943035,cka
T1/test/3,T1,0,0.7076836,cka
T1/test/3,T1,1,0.7772411,cka
T1/test/3,T1,2,0.7958871,cka
T1/test/3,T1,3,0.7708217,cka
T1/test/3,T1,4,0.70327497,cka
T1/test/3,T1,5,0.60624695,cka
T1/test/3,T1,6,0.4396827,cka
T1/test/3,T1,7,0.38701397,cka
T1/test/3,T1,8,0.25124526,cka
T1/test/3,T1,9,0.13449949,cka
T1/test/3,T1,10,0.0792183,cka
T1/test/3,T1,11,0.116165124,cka
T1/test/4,T1,0,0.6628624,cka
T1/test/4,T1,1,0.7342881,cka
T1/test/4,T1,2,0.78558725,cka
T1/test/4,T1,3,0.77147496,cka
T1/test/4,T1,4,0.7381267,cka
T1/test/4,T1,5,0.64570934,cka
T1/test/4,T1,6,0.52719593,cka
T1/test/4,T1,7,0.45219028,cka
T1/test/4,T1,8,0.3305118,cka
T1/test/4,T1,9,0.24335848,cka
T1/test/4,T1,10,0.18525098,cka
T1/test/4,T1,11,0.1980429,cka
T1/test/5,T1,0,0.82130027,cka
T1/test/5,T1,1,0.8571409,cka
T1/test/5,T1,2,0.856674,cka
T1/test/5,T1,3,0.81607914,cka
T1/test/5,T1,4,0.75803643,cka
T1/test/5,T1,5,0.6467985,cka
T1/test/5,T1,6,0.5413996,cka
T1/test/5,T1,7,0.47335294,cka
T1/test/5,T1,8,0.3375393,cka
T1/test/5,T1,9,0.23353167,cka
T1/test/5,T1,10,0.17528735,cka
T1/test/5,T1,11,0.29710805,cka
T1/test/6,T1,0,0.82130027,cka
T1/test/6,T1,1,0.8571409,cka
T1/test/6,T1,2,0.856674,cka
T1/test/6,T1,3,0.81607914,cka
T1/test/6,T1,4,0.75803643,cka
T1/test/6,T1,5,0.6467985,cka
T1/test/6,T1,6,0.5413996,cka
T1/test/6,T1,7,0.47335294,cka
T1/test/6,T1,8,0.3375393,cka
T1/test/6,T1,9,0.23353167,cka
T1/test/6,T1,10,0.17528735,cka
T1/test/6,T1,11,0.29710805,cka
T1/test/7,T1,0,0.67847914,cka
T1/test/7,T1,1,0.7662325,cka
T1/test/7,T1,2,0.79674065,cka
T1/test/7,T1,3,0.78586495,cka
T1/test/7,T1,4,0.75247115,cka
T1/test/7,T1,5,0.6313684,cka
T1/test/7,T1,6,0.54721045,cka
T1/test/7,T1,7,0.5091372,cka
T1/test/7,T1,8,0.45372722,cka
T1/test/7,T1,9,0.36167488,cka
T1/test/7,T1,10,0.32098117,cka
T1/test/7,T1,11,0.47943035,cka
T1/test/8,T1,0,0.7079348,cka
T1/test/8,T1,1,0.7597916,cka
T1/test/8,T1,2,0.789401,cka
T1/test/8,T1,3,0.7674666,cka
T1/test/8,T1,4,0.71393037,cka
T1/test/8,T1,5,0.60967,cka
T1/test/8,T1,6,0.43101138,cka
T1/test/8,T1,7,0.35705832,cka
T1/test/8,T1,8,0.20779978,cka
T1/test/8,T1,9,0.104315296,cka
T1/test/8,T1,10,0.038100734,cka
T1/test/8,T1,11,0.0057692793,cka
T1/test/9,T1,0,0.8390891,cka
T1/test/9,T1,1,0.8808523,cka
T1/test/9,T1,2,0.86913997,cka
T1/test/9,T1,3,0.8389689,cka
T1/test/9,T1,4,0.79245585,cka
T1/test/9,T1,5,0.6778468,cka
T1/test/9,T1,6,0.5844095,cka
T1/test/9,T1,7,0.5288253,cka
T1/test/9,T1,8,0.4543334,cka
T1/test/9,T1,9,0.40446103,cka
T1/test/9,T1,10,0.37702405,cka
T1/test/9,T1,11,0.5773742,cka
T1/test/10,T1,0,0.6628624,cka
T1/test/10,T1,1,0.7342881,cka
T1/test/10,T1,2,0.78558725,cka
T1/test/10,T1,3,0.77147496,cka
T1/test/10,T1,4,0.7381267,cka
T1/test/10,T1,5,0.64570934,cka
T1/test/10,T1,6,0.52719593,cka
T1/test/10,T1,7,0.45219028,cka
T1/test/10,T1,8,0.3305118,cka
T1/test/10,T1,9,0.24335848,cka
T1/test/10,T1,10,0.18525098,cka
T1/test/10,T1,11,0.1980429,cka
T1/test/11,T1,0,0.8390891,cka
T1/test/11,T1,1,0.8808523,cka
T1/test/11,T1,2,0.86913997,cka
T1/test/11,T1,3,0.8389689,cka
T1/test/11,T1,4,0.79245585,cka
T1/test/11,T1,5,0.6778468,cka
T1/test/11,T1,6,0.5844095,cka
T1/test/11,T1,7,0.5288253,cka
T1/test/11,T1,8,0.4543334,cka
T1/test/11,T1,9,0.40446103,cka
T1/test/11,T1,10,0.37702405,cka
T1/test/11,T1,11,0.5773742,cka
T1/test/12,T1,0,0.82130027,cka
T1/test/12,T1,1,0.8571409,cka
T1/test/12,T1,2,0.856674,cka
T1/test/12,T1,3,0.81607914,cka
T1/test/12,T1,4,0.75803643,cka
T1/test/12,T1,5,0.6467985,cka
T1/test/12,T1,6,0.5413996,cka
T1/test/12,T1,7,0.47335294,cka
T1/test/12,T1,8,0.3375393,cka
T1/test/12,T1,9,0.23353167,cka
T1/test/12,T1,10,0.17528735,cka
T1/test/12,T1,11,0.29710805,cka
T1/test/13,T1,0,0.7079348,cka
T1/test/13,T1,1,0.7597916,cka
T1/test/13,T1,2,0.789401,cka
T1/test/13,T1,3,0.7674666,cka
T1/test/13,T1,4,0.71393037,cka
T1/test/13,T1,5,0.60967,cka
T1/test/13,T1,6,0.43101138,cka
T1/test/13,T1,7,0.35705832,cka
T1/test/13,T1,8,0.20779978,cka
T1/test/13,T1,9,0.104315296,cka
T1/test/13,T1,10,0.038100734,cka
T1/test/13,T1,11,0.0057692793,cka
T1/test/14,T1,0,0.82130027,cka
T1/test/14,T1,1,0.8571409,cka
T1/test/14,T1,2,0.856674,cka
T1/test/14,T1,3,0.81607914,cka
T1/test/14,T1,4,0.75803643,cka
T1/test/14,T1,5,0.6467985,cka
T1/test/14,T1,6,0.5413996,cka
T1/test/14,T1,7,0.47335294,cka
T1/test/14,T1,8,0.3375393,cka
T1/test/14,T1,9,0.23353167,cka
T1/test/14,T1,10,0.17528735,cka
T1/test/14,T1,11,0.29710805,cka
T1/test/15,T1,0,0.82130027,cka
T1/test/15,T1,1,0.8571409,cka
T1/test/15,T1,2,0.856674,cka
T1/test/15,T1,3,0.81607914,cka
T1/test/15,T1,4,0.75803643,cka
T1/test/15,T1,5,0.6467985,cka
T1/test/15,T1,6,0.5413996,cka
T1/test/15,T1,7,0.47335294,cka
T1/test/15,T1,8,0.3375393,cka
T1/test/15,T1,9,0.23353167,cka
T1/test/15,T1,10,0.17528735,cka
T1/test/15,T1,11,0.29710805,cka
T1/test/16,T1,0,0.6628624,cka
T1/test/16,T1,1,0.7342881,cka
T1/test/16,T1,2,0.78558725,cka
T1/test/16,T1,3,0.77147496,cka
T1/test/16,T1,4,0.7381267,cka
T1/test/16,T1,5,0.64570934,cka
T1/test/16,T1,6,0.52719593,cka
T1/test/16,T1,7,0.45219028,cka
T1/test/16,T1,8,0.3305118,cka
T1/test/16,T1,9,0.24335848,cka
T1/test/16,T1,10,0.18525098,cka
T1/test/16,T1,11,0.1980429,cka
T1/test/17,T1,0,0.8390891,cka
T1/test/17,T1,1,0.8808523,cka
T1/test/17,T1,2,0.86913997,cka
T1/test/17,T1,3,0.8389689,cka
T1/test/17,T1,4,0.79245585,cka
T1/test/17,T1,5,0.6778468,cka
T1/test/17,T1,6,0.5844095,cka
T1/test/17,T1,7,0.5288253,cka
T1/test/17,T1,8,0.4543334,cka
T1/test/17,T1,9,0.40446103,cka
T1/test/17,T1,10,0.37702405,cka
T1/test/17,T1,11,0.5773742,cka
T1/test/18,T1,0,0.67847914,cka
T1/test/18,T1,1,0.7662325,cka
T1/test/18,T1,2,0.79674065,cka
T1/test/18,T1,3,0.78586495,cka
T1/test/18,T1,4,0.75247115,cka
T1/test/18,T1,5,0.6313684,cka
T1/test/18,T1,6,0.54721045,cka
T1/test/18,T1,7,0.5091372,cka
T1/test/18,T1,8,0.45372722,cka
T1/test/18,T1,9,0.36167488,cka
T1/test/18,T1,10,0.32098117,cka
T1/test/18,T1,11,0.47943035,cka
T1/test/19,T1,0,0.7076836,cka
T1/test/19,T1,1,0.7772411,cka
T1/test/19,T1,2,0.7958871,cka
T1/test/19,T1,3,0.7708217,cka
T1/test/19,T1,4,0.70327497,cka
T1/test/19,T1,5,0.60624695,cka
T1/test/19,T1,6,0.4396827,cka
T1/test/19,T1,7,0.38701397,cka
T1/test/19,T1,8,0.25124526,cka
T1/test/19,T1,9,0.13449949,cka
T1/test/19,T1,10,0.0792183,cka
T1/test/19,T1,11,0.116165124,cka
T1/test/20,T1,0,0.6628624,cka
T1/test/20,T1,1,0.7342881,cka
T1/test/20,T1,2,0.78558725,cka
T1/test/20,T1,3,0.77147496,cka
T1/test/20,T1,4,0.7381267,cka
T1/test/20,T1,5,0.64570934,cka
T1/test/20,T1,6,0.52719593,cka
T1/test/20,T1,7,0.45219028,cka
T1/test/20,T1,8,0.3305118,cka
T1/test/20,T1,9,0.24335848,cka
T1/test/20,T1,10,0.18525098,cka
T1/test/20,T1,11,0.1980429,cka
T1/test/21,T1,0,0.7079348,cka
T1/test/21,T1,1,0.7597916,cka
T1/test/21,T1,2,0.789401,cka
T1/test/21,T1,3,0.7674666,cka
T1/test/21,T1,4,0.71393037,cka
T1/test/21,T1,5,0.60967,cka
T1/test/21,T1,6,0.43101138,cka
T1/test/21,T1,7,0.35705832,cka
T1/test/21,T1,8,0.20779978,cka
T1/test/21,T1,9,0.104315296,cka
T1/test/21,T1,10,0.038100734,cka
T1/test/21,T1,11,0.0057692793,cka
T1/test/22,T1,0,0.8390891,cka
T1/test/22,T1,1,0.8808523,cka
T1/test/22,T1,2,0.86913997,cka
T1/test/22,T1,3,0.8389689,cka
T1/test/22,T1,4,0.79245585,cka
T1/test/22,T1,5,0.6778468,cka
T1/test/22,T1,6,0.5844095,cka
T1/test/22,T1,7,0.5288253,cka
T1/test/22,T1,8,0.4543334,cka
T1/test/22,T1,9,0.40446103,cka
T1/test/22,T1,10,0.37702405,cka
T1/test/22,T1,11,0.5773742,cka
T1/test/23,T1,0,0.67847914,cka
T1/test/23,T1,1,0.7662325,cka
T1/test/23,T1,2,0.79674065,cka
T1/test/23,T1,3,0.78586495,cka
T1/test/23,T1,4,0.75247115,cka
T1/test/23,T1,5,0.6313684,cka
T1/test/23,T1,6,0.54721045,cka
T1/test/23,T1,7,0.5091372,cka
T1/test/23,T1,8,0.45372722,cka
T1/test/23,T1,9,0.36167488,cka
T1/test/23,T1,10,0.32098117,cka
T1/test/23,T1,11,0.47943035,cka
T1/test/24,T1,0,0.67847914,cka
T1/test/24,T1,1,0.7662325,cka
T1/test/24,T1,2,0.79674065,cka
T1/test/24,T1,3,0.78586495,cka
T1/test/24,T1,4,0.75247115,cka
T1/test/24,T1,5,0.6313684,cka
T1/test/24,T1,6,0.54721045,cka
T1/test/24,T1,7,0.5091372,cka
T1/test/24,T1,8,0.45372722,cka
T1/test/24,T1,9,0.36167488,cka
T1/test/24,T1,10,0.32098117,cka
T1/test/24,T1,11,0.47943035,cka
T1/test/25,T1,0,0.7076836,cka
T1/test/25,T1,1,0.7772411,cka
T1/test/25,T1,2,0.7958871,cka
T1/test/25,T1,3,0.7708217,cka
T1/test/25,T1,4,0.70327497,cka
T1/test/25,T1,5,0.60624695,cka
T1/test/25,T1,6,0.4396827,cka
T1/test/25,T1,7,0.38701397,cka
T1/test/25,T1,8,0.25124526,cka
T1/test/25,T1,9,0.13449949,cka
T1/test/25,T1,10,0.0792183,cka
T1/test/25,T1,11,0.116165124,cka
T1/test/26,T1,0,0.6628624,cka
T1/test/26,T1,1,0.7342881,cka
T1/test/26,T1,2,0.78558725,cka
T1/test/26,T1,3,0.77147496,cka
T1/test/26,T1,4,0.7381267,cka
T1/test/26,T1,5,0.64570934,cka
T1/test/26,T1,6,0.52719593,cka
T1/test/26,T1,7,0.45219028,cka
T1/test/26,T1,8,0.3305118,cka
T1/test/26,T1,9,0.24335848,cka
T1/test/26,T1,10,0.18525098,cka
T1/test/26,T1,11,0.1980429,cka
T1/test/27,T1,0,0.82130027,cka
T1/test/27,T1,1,0.8571409,cka
T1/test/27,T1,2,0.856674,cka
T1/test/27,T1,3,0.81607914,cka
T1/test/27,T1,4,0.75803643,cka
T1/test/27,T1,5,0.6467985,cka
T1/test/27,T1,6,0.5413996,cka
T1/test/27,T1,7,0.47335294,cka
T1/test/27,T1,8,0.3375393,cka
T1/test/27,T1,9,0.23353167,cka
T1/test/27,T1,10,0.17528735,cka
T1/test/27,T1,11,0.29710805,cka
T1/test/28,T1,0,0.82130027,cka
T1/test/28,T1,1,0.8571409,cka
T1/test/28,T1,2,0.856674,cka
T1/test/28,T1,3,0.81607914,cka
T1/test/28,T1,4,0.75803643,cka
T1/test/28,T1,5,0.6467985,cka
T1/test/28,T1,6,0.5413996,cka
T1/test/28,T1,7,0.47335294,cka
T1/test/28,T1,8,0.3375393,cka
T1/test/28,T1,9,0.23353167,cka
T1/test/28,T1,10,0.17528735,cka
T1/test/28,T1,11,0.29710805,cka
T1/test/29,T1,0,0.7079348,cka
T1/test/29,T1,1,0.7597916,cka
T1/test/29,T1,2,0.789401,cka
T1/test/29,T1,3,0.7674666,cka
T1/test/29,T1,4,0.71393037,cka
T1/test/29,T1,5,0.60967,cka
T1/test/29,T1,6,0.43101138,cka
T1/test/29,T1,7,0.35705832,cka
T1/test/29,T1,8,0.20779978,cka
T1/test/29,T1,9,0.104315296,cka
T1/test/29,T1,10,0.038100734,cka
T1/test/29,T1,11,0.0057692793,cka
T2/test/0,T2,0,0.8152998,cka
T2/test/0,T2,1,0.8641917,cka
T2/test/0,T2,2,0.87642777,cka
T2/test/0,T2,3,0.8592112,cka
T2/test/0,T2,4,0.82337767,cka
T2/test/0,T2,5,0.7279982,cka
T2/test/0,T2,6,0.62675667,cka
T2/test/0,T2,7,0.5894097,cka
T2/test/0,T2,8,0.5218193,cka
T2/test/0,T2,9,0.46121278,cka
T2/test/0,T2,10,0.41522676,cka
T2/test/0,T2,11,0.64140594,cka
T2/test/1,T2,0,0.7627744,cka
T2/test/1,T2,1,0.8103205,cka
T2/test/1,T2,2,0.83826596,cka
T2/test/1,T2,3,0.8090102,cka
T2/test/1,T2,4,0.7540044,cka
T2/test/1,T2,5,0.6529755,cka
T2/test/1,T2,6,0.5600701,cka
T2/test/1,T2,7,0.5100145,cka
T2/test/1,T2,8,0.43603578,cka
T2/test/1,T2,9,0.34904414,cka
T2/test/1,T2,10,0.3316443,cka
T2/test/1,T2,11,0.2945467,cka
T2/test/2,T2,0,0.7627744,cka
T2/test/2,T2,1,0.8103205,cka
T2/test/2,T2,2,0.83826596,cka
T2/test/2,T2,3,0.8090102,cka
T2/test/2,T2,4,0.7540044,cka
T2/test/2,T2,5,0.6529755,cka
T2/test/2,T2,6,0.5600701,cka
T2/test/2,T2,7,0.5100145,cka
T2/test/2,T2,8,0.43603578,cka
T2/test/2,T2,9,0.34904414,cka
T2/test/2,T2,10,0.3316443,cka
T2/test/2,T2,11,0.2945467,cka
T2/test/3,T2,0,0.71464854,cka
T2/test/3,T2,1,0.80500096,cka
T2/test/3,T2,2,0.82575536,cka
T2/test/3,T2,3,0.7877889,cka
T2/test/3,T2,4,0.7436196,cka
T2/test/3,T2,5,0.6436359,cka
T2/test/3,T2,6,0.5484501,cka
T2/test/3,T2,7,0.5140732,cka
T2/test/3,T2,8,0.48312655,cka
T2/test/3,T2,9,0.41479918,cka
T2/test/3,T2,10,0.41567636,cka
T2/test/3,T2,11,0.7549807,cka
T2/test/4,T2,0,0.71748775,cka
T2/test/4,T2,1,0.806662,cka
T2/test/4,T2,2,0.8331218,cka
T2/test/4,T2,3,0.821227,cka
T2/test/4,T2,4,0.7789224,cka
T2/test/4,T2,5,0.69615895,cka
T2/test/4,T2,6,0.5782471,cka
T2/test/4,T2,7,0.53373027,cka
T2/test/4,T2,8,0.41601408,cka
T2/test/4,T2,9,0.3158191,cka
T2/test/4,T2,10,0.22949119,cka
T2/test/4,T2,11,0.22923613,cka
T2/test/5,T2,0,0.8152998,cka
T2/test/5,T2,1,0.8641917,cka
T2/test/5,T2,2,0.87642777,cka
T2/test/5,T2,3,0.8592112,cka
T2/test/5,T2,4,0.82337767,cka
T2/test/5,T2,5,0.7279982,cka
T2/test/5,T2,6,0.62675667,cka
T2/test/5,T2,7,0.5894097,cka
T2/test/5,T2,8,0.5218193,cka
T2/test/5,T2,9,0.46121278,cka
T2/test/5,T2,10,0.41522676,cka
T2/test/5,T2,11,0.64140594,cka
T2/test/6,T2,0,0.8152998,cka
T2/test/6,T2,1,0.8641917,cka
T2/test/6,T2,2,0.87642777,cka
T2/test/6,T2,3,0.8592112,cka
T2/test/6,T2,4,0.82337767,cka
T2/test/6,T2,5,0.7279982,cka
T2/test/6,T2,6,0.62675667,cka
T2/test/6,T2,7,0.5894097,cka
T2/test/6,T2,8,0.5218193,cka
T2/test/6,T2,9,0.46121278,cka
T2/test/6,T2,10,0.41522676,cka
T2/test/6,T2,11,0.64140594,cka
T2/test/7,T2,0,0.7627744,cka
T2/test/7,T2,1,0.8103205,cka
T2/test/7,T2,2,0.83826596,cka
T2/test/7,T2,3,0.8090102,cka
T2/test/7,T2,4,0.7540044,cka
T2/test/7,T2,5,0.6529755,cka
T2/test/7,T2,6,0.5600701,cka
T2/test/7,T2,7,0.5100145,cka
T2/test/7,T2,8,0.43603578,cka
T2/test/7,T2,9,0.34904414,cka
T2/test/7,T2,10,0.3316443,cka
T2/test/7,T2,11,0.2945467,cka
T2/test/8,T2,0,0.788589,cka
T2/test/8,T2,1,0.8466471,cka
T2/test/8,T2,2,0.85904956,cka
T2/test/8,T2,3,0.8124457,cka
T2/test/8,T2,4,0.7498961,cka
T2/test/8,T2,5,0.6417387,cka
T2/test/8,T2,6,0.5362424,cka
T2/test/8,T2,7,0.47136885,cka
T2/test/8,T2,8,0.4159139,cka
T2/test/8,T2,9,0.308569,cka
T2/test/8,T2,10,0.22673303,cka
T2/test/8,T2,11,0.26019973,cka
T2/test/9,T2,0,0.7836058,cka
T2/test/9,T2,1,0.8351829,cka
T2/test/9,T2,2,0.8549523,cka
T2/test/9,T2,3,0.83363277,cka
T2/test/9,T2,4,0.78312045,cka
T2/test/9,T2,5,0.6898604,cka
T2/test/9,T2,6,0.6053523,cka
T2/test/9,T2,7,0.53676015,cka
T2/test/9,T2,8,0.4703426,cka
T2/test/9,T2,9,0.40549162,cka
T2/test/9,T2,10,0.38306633,cka
T2/test/9,T2,11,0.6405385,cka
T2/test/10,T2,0,0.71748775,cka
T2/test/10,T2,1,0.806662,cka
T2/test/10,T2,2,0.8331218,cka
T2/test/10,T2,3,0.821227,cka
T2/test/10,T2,4,0.7789224,cka
T2/test/10,T2,5,0.69615895,cka
T2/test/10,T2,6,0.5782471,cka
T2/test/10,T2,7,0.53373027,cka
T2/test/10,T2,8,0.41601408,cka
T2/test/10,T2,9,0.3158191,cka
T2/test/10,T2,10,0.22949119,cka
T2/test/10,T2,11,0.22923613,cka
T2/test/11,T2,0,0.7836058,cka
T2/test/11,T2,1,0.8351829,cka
T2/test/11,T2,2,0.8549523,cka
T2/test/11,T2,3,0.83363277,cka
T2/test/11,T2,4,0.78312045,cka
T2/test/11,T2,5,0.6898604,cka
T2/test/11,T2,6,0.6053523,cka
T2/test/11,T2,7,0.53676015,cka
T2/test/11,T2,8,0.4703426,cka
T2/test/11,T2,9,0.40549162,cka
T2/test/11,T2,10,0.38306633,cka
T2/test/11,T2,11,0.6405385,cka
T2/test/12,T2,0,0.8152998,cka
T2/test/12,T2,1,0.8641917,cka
T2/test/12,T2,2,0.87642777,cka
T2/test/12,T2,3,0.8592112,cka
T2/test/12,T2,4,0.82337767,cka
T2/test/12,T2,5,0.7279982,cka
T2/test/12,T2,6,0.62675667,cka
T2/test/12,T2,7,0.5894097,cka
T2/test/12,T2,8,0.5218193,cka
T2/test/12,T2,9,0.46121278,cka
T2/test/12,T2,10,0.41522676,cka
T2/test/12,T2,11,0.64140594,cka
T2/test/13,T2,0,0.788589,cka
T2/test/13,T2,1,0.8466471,cka
T2/test/13,T2,2,0.85904956,cka
T2/test/13,T2,3,0.8124457,cka
T2/test/13,T2,4,0.7498961,cka
T2/test/13,T2,5,0.6417387,cka
T2/test/13,T2,6,0.5362424,cka
T2/test/13,T2,7,0.47136885,cka
T2/test/13,T2,8,0.4159139,cka
T2/test/13,T2,9,0.308569,cka
T2/test/13,T2,10,0.22673303,cka
T2/test/13,T2,11,0.26019973,cka
T2/test/14,T2,0,0.8152998,cka
T2/test/14,T2,1,0.8641917,cka
T2/test/14,T2,2,0.87642777,cka
T2/test/14,T2,3,0.8592112,cka
T2/test/14,T2,4,0.82337767,cka
T2/test/14,T2,5,0.7279982,cka
T2/test/14,T2,6,0.62675667,cka
T2/test/14,T2,7,0.5894097,cka
T2/test/14,T2,8,0.5218193,cka
T2/test/14,T2,9,0.46121278,cka
T2/test/14,T2,10,0.41522676,cka
T2/test/14,T2,11,0.64140594,cka
T2/test/15,T2,0,0.8152998,cka
T2/test/15,T2,1,0.8641917,cka
T2/test/15,T2,2,0.87642777,cka
T2/test/15,T2,3,0.8592112,cka
T2/test/15,T2,4,0.82337767,cka
T2/test/15,T2,5,0.7279982,cka
T2/test/15,T2,6,0.62675667,cka
T2/test/15,T2,7,0.5894097,cka
T2/test/15,T2,8,0.5218193,cka
T2/test/15,T2,9,0.46121278,cka
T2/test/15,T2,10,0.41522676,cka
T2/test/15,T2,11,0.64140594,cka
T2/test/16,T2,0,0.71748775,cka
T2/test/16,T2,1,0.806662,cka
T2/test/16,T2,2,0.8331218,cka
T2/test/16,T2,3,0.821227,cka
T2/test/16,T2,4,0.7789224,cka
T2/test/16,T2,5,0.69615895,cka
T2/test/16,T2,6,0.5782471,cka
T2/test/16,T2,7,0.53373027,cka
T2/test/16,T2,8,0.41601408,cka
T2/test/16,T2,9,0.3158191,cka
T2/test/16,T2,10,0.22949119,cka
T2/test/16,T2,11,0.22923613,cka
T2/test/17,T2,0,0.7836058,cka
T2/test/17,T2,1,0.8351829,cka
T2/test/17,T2,2,0.8549523,cka
T2/test/17,T2,3,0.83363277,cka
T2/test/17,T2,4,0.78312045,cka
T2/test/17,T2,5,0.6898604,cka
T2/test/17,T2,6,0.6053523,cka
T2/test/17,T2,7,0.53676015,cka
T2/test/17,T2,8,0.4703426,cka
T2/test/17,T2,9,0.40549162,cka
T2/test/17,T2,10,0.38306633,cka
T2/test/17,T2,11,0.6405385,cka
T2/test/18,T2,0,0.7627744,cka
T2/test/18,T2,1,0.8103205,cka
T2/test/18,T2,2,0.83826596,cka
T2/test/18,T2,3,0.8090102,cka
T2/test/18,T2,4,0.7540044,cka
T2/test/18,T2,5,0.6529755,cka
T2/test/18,T2,6,0.5600701,cka
T2/test/18,T2,7,0.5100145,cka
T2/test/18,T2,8,0.43603578,cka
T2/test/18,T2,9,0.34904414,cka
T2/test/18,T2,10,0.3316443,cka
T2/test/18,T2,11,0.2945467,cka
T2/test/19,T2,0,0.71464854,cka
T2/test/19,T2,1,0.80500096,cka
T2/test/19,T2,2,0.82575536,cka
T2/test/19,T2,3,0.7877889,cka
T2/test/19,T2,4,0.7436196,cka
T2/test/19,T2,5,0.6436359,cka
T2/test/19,T2,6,0.5484501,cka
T2/test/19,T2,7,0.5140732,cka
T2/test/19,T2,8,0.48312655,cka
T2/test/19,T2,9,0.41479918,cka
T2/test/19,T2,10,0.41567636,cka
T2/test/19,T2,11,0.7549807,cka
T2/test/20,T2,0,0.71748775,cka
T2/test/20,T2,1,0.806662,cka
T2/test/20,T2,2,0.8331218,cka
T2/test/20,T2,3,0.821227,cka
T2/test/20,T2,4,0.7789224,cka
T2/test/20,T2,5,0.69615895,cka
T2/test/20,T2,6,0.5782471,cka
T2/test/20,T2,7,0.53373027,cka
T2/test/20,T2,8,0.41601408,cka
T2/test/20,T2,9,0.3158191,cka
T2/test/20,T2,10,0.22949119,cka
T2/test/20,T2,11,0.22923613,cka
T2/test/21,T2,0,0.788589,cka
T2/test/21,T2,1,0.8466471,cka
T2/test/21,T2,2,0.85904956,cka
T2/test/21,T2,3,0.8124457,cka
T2/test/21,T2,4,0.7498961,cka
T2/test/21,T2,5,0.6417387,cka
T2/test/21,T2,6,0.5362424,cka
T2/test/21,T2,7,0.47136885,cka
T2/test/21,T2,8,0.4159139,cka
T2/test/21,T2,9,0.308569,cka
T2/test/21,T2,10,0.22673303,cka
T2/test/21,T2,11,0.26019973,cka
T2/test/22,T2,0,0.7836058,cka
T2/test/22,T2,1,0.8351829,cka
T2/test/22,T2,2,0.8549523,cka
T2/test/22,T2,3,0.83363277,cka
T2/test/22,T2,4,0.78312045,cka
T2/test/22,T2,5,0.6898604,cka
T2/test/22,T2,6,0.6053523,cka
T2/test/22,T2,7,0.53676015,cka
T2/test/22,T2,8,0.4703426,cka
T2/test/22,T2,9,0.40549162,cka
T2/test/22,T2,10,0.38306633,cka
T2/test/22,T2,11,0.6405385,cka
T2/test/23,T2,0,0.7627744,cka
T2/test/23,T2,1,0.8103205,cka
T2/test/23,T2,2,0.83826596,cka
T2/test/23,T2,3,0.8090102,cka
T2/test/23,T2,4,0.7540044,cka
T2/test/23,T2,5,0.6529755,cka
T2/test/23,T2,6,0.5600701,cka
T2/test/23,T2,7,0.5100145,cka
T2/test/23,T2,8,0.43603578,cka
T2/test/23,T2,9,0.34904414,cka
T2/test/23,T2,10,0.3316443,cka
T2/test/23,T2,11,0.2945467,cka
T2/test/24,T2,0,0.7627744,cka
T2/test/24,T2,1,0.8103205,cka
T2/test/24,T2,2,0.83826596,cka
T2/test/24,T2,3,0.8090102,cka
T2/test/24,T2,4,0.7540044,cka
T2/test/24,T2,5,0.6529755,cka
T2/test/24,T2,6,0.5600701,cka
T2/test/24,T2,7,0.5100145,cka
T2/test/24,T2,8,0.43603578,cka
T2/test/24,T2,9,0.34904414,cka
T2/test/24,T2,10,0.3316443,cka
T2/test/24,T2,11,0.2945467,cka
T2/test/25,T2,0,0.71464854,cka
T2/test/25,T2,1,0.80500096,cka
T2/test/25,T2,2,0.82575536,cka
T2/test/25,T2,3,0.7877889,cka
T2/test/25,T2,4,0.7436196,cka
T2/test/25,T2,5,0.6436359,cka
T2/test/25,T2,6,0.5484501,cka
T2/test/25,T2,7,0.5140732,cka
T2/test/25,T2,8,0.48312655,cka
T2/test/25,T2,9,0.41479918,cka
T2/test/25,T2,10,0.41567636,cka
T2/test/25,T2,11,0.7549807,cka
T2/test/26,T2,0,0.71748775,cka
T2/test/26,T2,1,0.806662,cka
T2/test/26,T2,2,0.8331218,cka
T2/test/26,T2,3,0.821227,cka
T2/test/26,T2,4,0.7789224,cka
T2/test/26,T2,5,0.69615895,cka
T2/test/26,T2,6,0.5782471,cka
T2/test/26,T2,7,0.53373027,cka
T2/test/26,T2,8,0.41601408,cka
T2/test/26,T2,9,0.3158191,cka
T2/test/26,T2,10,0.22949119,cka
T2/test/26,T2,11,0.22923613,cka
T2/test/27,T2,0,0.8152998,cka
T2/test/27,T2,1,0.8641917,cka
T2/test/27,T2,2,0.87642777,cka
T2/test/27,T2,3,0.8592112,cka
T2/test/27,T2,4,0.82337767,cka
T2/test/27,T2,5,0.7279982,cka
T2/test/27,T2,6,0.62675667,cka
T2/test/27,T2,7,0.5894097,cka
T2/test/27,T2,8,0.5218193,cka
T2/test/27,T2,9,0.46121278,cka
T2/test/27,T2,10,0.41522676,cka
T2/test/27,T2,11,0.64140594,cka
T2/test/28,T2,0,0.8152998,cka
T2/test/28,T2,1,0.8641917,cka
T2/test/28,T2,2,0.87642777,cka
T2/test/28,T2,3,0.8592112,cka
T2/test/28,T2,4,0.82337767,cka
T2/test/28,T2,5,0.7279982,cka
T2/test/28,T2,6,0.62675667,cka
T2/test/28,T2,7,0.5894097,cka
T2/test/28,T2,8,0.5218193,cka
T2/test/28,T2,9,0.46121278,cka
T2/test/28,T2,10,0.41522676,cka
T2/test/28,T2,11,0.64140594,cka
T2/test/29,T2,0,0.788589,cka
T2/test/29,T2,1,0.8466471,cka
T2/test/29,T2,2,0.85904956,cka
T2/test/29,T2,3,0.8124457,cka
T2/test/29,T2,4,0.7498961,cka
T2/test/29,T2,5,0.6417387,cka
T2/test/29,T2,6,0.5362424,cka
T2/test/29,T2,7,0.47136885,cka
T2/test/29,T2,8,0.4159139,cka
T2/test/29,T2,9,0.308569,cka
T2/test/29,T2,10,0.22673303,cka
T2/test/29,T2,11,0.26019973,cka
T3/test/0,T3,0,0.7658516,cka
T3/test/0,T3,1,0.83762467,cka
T3/test/0,T3,2,0.8562293,cka
T3/test/0,T3,3,0.8420351,cka
T3/test/0,T3,4,0.7905611,cka
T3/test/0,T3,5,0.66078985,cka
T3/test/0,T3,6,0.59337807,cka
T3/test/0,T3,7,0.54444635,cka
T3/test/0,T3,8,0.42305803,cka
T3/test/0,T3,9,0.30783626,cka
T3/test/0,T3,10,0.23860948,cka
T3/test/0,T3,11,0.43444067,cka
T3/test/1,T3,0,0.70324963,cka
T3/test/1,T3,1,0.7631251,cka
T3/test/1,T3,2,0.8074,cka
T3/test/1,T3,3,0.8276242,cka
T3/test/1,T3,4,0.7979565,cka
T3/test/1,T3,5,0.72951645,cka
T3/test/1,T3,6,0.6289993,cka
T3/test/1,T3,7,0.58288366,cka
T3/test/1,T3,8,0.4665321,cka
T3/test/1,T3,9,0.3642759,cka
T3/test/1,T3,10,0.3692757,cka
T3/test/1,T3,11,0.5763746,cka
T3/test/2,T3,0,0.70324963,cka
T3/test/2,T3,1,0.7631251,cka
T3/test/2,T3,2,0.8074,cka
T3/test/2,T3,3,0.8276242,cka
T3/test/2,T3,4,0.7979565,cka
T3/test/2,T3,5,0.72951645,cka
T3/test/2,T3,6,0.6289993,cka
T3/test/2,T3,7,0.58288366,cka
T3/test/2,T3,8,0.4665321,cka
T3/test/2,T3,9,0.3642759,cka
T3/test/2,T3,10,0.3692757,cka
T3/test/2,T3,11,0.5763746,cka
T3/test/3,T3,0,0.77521133,cka
T3/test/3,T3,1,0.82717586,cka
T3/test/3,T3,2,0.84940267,cka
T3/test/3,T3,3,0.8296685,cka
T3/test/3,T3,4,0.8052616,cka
T3/test/3,T3,5,0.7381573,cka
T3/test/3,T3,6,0.66540587,cka
T3/test/3,T3,7,0.6274007,cka
T3/test/3,T3,8,0.5636,cka
T3/test/3,T3,9,0.46840328,cka
T3/test/3,T3,10,0.3862218,cka
T3/test/3,T3,11,0.59139776,cka
T3/test/4,T3,0,0.7044296,cka
T3/test/4,T3,1,0.7702793,cka
T3/test/4,T3,2,0.80659324,cka
T3/test/4,T3,3,0.7911581,cka
T3/test/4,T3,4,0.7299676,cka
T3/test/4,T3,5,0.6415494,cka
T3/test/4,T3,6,0.52438456,cka
T3/test/4,T3,7,0.490498,cka
T3/test/4,T3,8,0.40834638,cka
T3/test/4,T3,9,0.29380763,cka
T3/test/4,T3,10,0.25342193,cka
T3/test/4,T3,11,0.48283818,cka
T3/test/5,T3,0,0.7658516,cka
T3/test/5,T3,1,0.83762467,cka
T3/test/5,T3,2,0.8562293,cka
T3/test/5,T3,3,0.8420351,cka
T3/test/5,T3,4,0.7905611,cka
T3/test/5,T3,5,0.66078985,cka
T3/test/5,T3,6,0.59337807,cka
T3/test/5,T3,7,0.54444635,cka
T3/test/5,T3,8,0.42305803,cka
T3/test/5,T3,9,0.30783626,cka
T3/test/5,T3,10,0.23860948,cka
T3/test/5,T3,11,0.43444067,cka
T3/test/6,T3,0,0.7658516,cka
T3/test/6,T3,1,0.83762467,cka
T3/test/6,T3,2,0.8562293,cka
T3/test/6,T3,3,0.8420351,cka
T3/test/6,T3,4,0.7905611,cka
T3/test/6,T3,5,0.66078985,cka
T3/test/6,T3,6,0.59337807,cka
T3/test/6,T3,7,0.54444635,cka
T3/test/6,T3,8,0.42305803,cka
T3/test/6,T3,9,0.30783626,cka
T3/test/6,T3,10,0.23860948,cka
T3/test/6,T3,11,0.43444067,cka
T3/test/7,T3,0,0.70324963,cka
T3/test/7,T3,1,0.7631251,cka
T3/test/7,T3,2,0.8074,cka
T3/test/7,T3,3,0.8276242,cka
T3/test/7,T3,4,0.7979565,cka
T3/test/7,T3,5,0.72951645,cka
T3/test/7,T3,6,0.6289993,cka
T3/test/7,T3,7,0.58288366,cka
T3/test/7,T3,8,0.4665321,cka
T3/test/7,T3,9,0.3642759,cka
T3/test/7,T3,10,0.3692757,cka
T3/test/7,T3,11,0.5763746,cka
T3/test/8,T3,0,0.6572138,cka
T3/test/8,T3,1,0.7445385,cka
T3/test/8,T3,2,0.7848397,cka
T3/test/8,T3,3,0.76092803,cka
T3/test/8,T3,4,0.72826695,cka
T3/test/8,T3,5,0.61747086,cka
T3/test/8,T3,6,0.52308744,cka
T3/test/8,T3,7,0.49180332,cka
T3/test/8,T3,8,0.41566074,cka
T3/test/8,T3,9,0.34222564,cka
T3/test/8,T3,10,0.29282573,cka
T3/test/8,T3,11,0.4488397,cka
T3/test/9,T3,0,0.8195591,cka
T3/test/9,T3,1,0.87125164,cka
T3/test/9,T3,2,0.88544106,cka
T3/test/9,T3,3,0.86693454,cka
T3/test/9,T3,4,0.84496516,cka
T3/test/9,T3,5,0.7038085,cka
T3/test/9,T3,6,0.6243672,cka
T3/test/9,T3,7,0.59595895,cka
T3/test/9,T3,8,0.5117667,cka
T3/test/9,T3,9,0.48676243,cka
T3/test/9,T3,10,0.43851146,cka
T3/test/9,T3,11,0.6149673,cka
T3/test/10,T3,0,0.7044296,cka
T3/test/10,T3,1,0.7702793,cka
T3/test/10,T3,2,0.80659324,cka
T3/test/10,T3,3,0.7911581,cka
T3/test/10,T3,4,0.7299676,cka
T3/test/10,T3,5,0.6415494,cka
T3/test/10,T3,6,0.52438456,cka
T3/test/10,T3,7,0.490498,cka
T3/test/10,T3,8,0.40834638,cka
T3/test/10,T3,9,0.29380763,cka
T3/test/10,T3,10,0.25342193,cka
T3/test/10,T3,11,0.48283818,cka
T3/test/11,T3,0,0.8195591,cka
T3/test/11,T3,1,0.87125164,cka
T3/test/11,T3,2,0.88544106,cka
T3/test/11,T3,3,0.86693454,cka
T3/test/11,T3,4,0.84496516,cka
T3/test/11,T3,5,0.7038085,cka
T3/test/11,T3,6,0.6243672,cka
T3/test/11,T3,7,0.59595895,cka
T3/test/11,T3,8,0.5117667,cka
T3/test/11,T3,9,0.48676243,cka
T3/test/11,T3,10,0.43851146,cka
T3/test/11,T3,11,0.6149673,cka
T3/test/12,T3,0,0.7658516,cka
T3/test/12,T3,1,0.83762467,cka
T3/test/12,T3,2,0.8562293,cka
T3/test/12,T3,3,0.8420351,cka
T3/test/12,T3,4,0.7905611,cka
T3/test/12,T3,5,0.66078985,cka
T3/test/12,T3,6,0.59337807,cka
T3/test/12,T3,7,0.54444635,cka
T3/test/12,T3,8,0.42305803,cka
T3/test/12,T3,9,0.30783626,cka
T3/test/12,T3,10,0.23860948,cka
T3/test/12,T3,11,0.43444067,cka
T3/test/13,T3,0,0.6572138,cka
T3/test/13,T3,1,0.7445385,cka
T3/test/13,T3,2,0.7848397,cka
T3/test/13,T3,3,0.76092803,cka
T3/test/13,T3,4,0.72826695,cka
T3/test/13,T3,5,0.61747086,cka
T3/test/13,T3,6,0.52308744,cka
T3/test/13,T3,7,0.49180332,cka
T3/test/13,T3,8,0.41566074,cka
T3/test/13,T3,9,0.34222564,cka
T3/test/13,T3,10,0.29282573,cka
T3/test/13,T3,11,0.4488397,cka
T3/test/14,T3,0,0.7658516,cka
T3/test/14,T3,1,0.83762467,cka
T3/test/14,T3,2,0.8562293,cka
T3/test/14,T3,3,0.8420351,cka
T3/test/14,T3,4,0.7905611,cka
T3/test/14,T3,5,0.66078985,cka
T3/test/14,T3,6,0.59337807,cka
T3/test/14,T3,7,0.54444635,cka
T3/test/14,T3,8,0.42305803,cka
T3/test/14,T3,9,0.30783626,cka
T3/test/14,T3,10,0.23860948,cka
T3/test/14,T3,11,0.43444067,cka
T3/test/15,T3,0,0.7658516,cka
T3/test/15,T3,1,0.83762467,cka
T3/test/15,T3,2,0.8562293,cka
T3/test/15,T3,3,0.8420351,cka
T3/test/15,T3,4,0.7905611,cka
T3/test/15,T3,5,0.66078985,cka
T3/test/15,T3,6,0.59337807,cka
T3/test/15,T3,7,0.54444635,cka
T3/test/15,T3,8,0.42305803,cka
T3/test/15,T3,9,0.30783626,cka
T3/test/15,T3,10,0.23860948,cka
T3/test/15,T3,11,0.43444067,cka
T3/test/16,T3,0,0.7044296,cka
T3/test/16,T3,1,0.7702793,cka
T3/test/16,T3,2,0.80659324,cka
T3/test/16,T3,3,0.7911581,cka
T3/test/16,T3,4,0.7299676,cka
T3/test/16,T3,5,0.6415494,cka
T3/test/16,T3,6,0.52438456,cka
T3/test/16,T3,7,0.490498,cka
T3/test/16,T3,8,0.40834638,cka
T3/test/16,T3,9,0.29380763,cka
T3/test/16,T3,10,0.25342193,cka
T3/test/16,T3,11,0.48283818,cka
T3/test/17,T3,0,0.8195591,cka
T3/test/17,T3,1,0.87125164,cka
T3/test/17,T3,2,0.88544106,cka
T3/test/17,T3,3,0.86693454,cka
T3/test/17,T3,4,0.84496516,cka
T3/test/17,T3,5,0.7038085,cka
T3/test/17,T3,6,0.6243672,cka
T3/test/17,T3,7,0.59595895,cka
T3/test/17,T3,8,0.5117667,cka
T3/test/17,T3,9,0.48676243,cka
T3/test/17,T3,10,0.43851146,cka
T3/test/17,T3,11,0.6149673,cka
T3/test/18,T3,0,0.70324963,cka
T3/test/18,T3,1,0.7631251,cka
T3/test/18,T3,2,0.8074,cka
T3/test/18,T3,3,0.8276242,cka
T3/test/18,T3,4,0.7979565,cka
T3/test/18,T3,5,0.72951645,cka
T3/test/18,T3,6,0.6289993,cka
T3/test/18,T3,7,0.58288366,cka
T3/test/18,T3,8,0.4665321,cka
T3/test/18,T3,9,0.3642759,cka
T3/test/18,T3,10,0.3692757,cka
T3/test/18,T3,11,0.5763746,cka
T3/test/19,T3,0,0.77521133,cka
T3/test/19,T3,1,0.82717586,cka
T3/test/19,T3,2,0.84940267,cka
T3/test/19,T3,3,0.8296685,cka
T3/test/19,T3,4,0.8052616,cka
T3/test/19,T3,5,0.7381573,cka
T3/test/19,T3,6,0.66540587,cka
T3/test/19,T3,7,0.6274007,cka
T3/test/19,T3,8,0.5636,cka
T3/test/19,T3,9,0.46840328,cka
T3/test/19,T3,10,0.3862218,cka
T3/test/19,T3,11,0.59139776,cka
T3/test/20,T3,0,0.7044296,cka
T3/test/20,T3,1,0.7702793,cka
T3/test/20,T3,2,0.80659324,cka
T3/test/20,T3,3,0.7911581,cka
T3/test/20,T3,4,0.7299676,cka
T3/test/20,T3,5,0.6415494,cka
T3/test/20,T3,6,0.52438456,cka
T3/test/20,T3,7,0.490498,cka
T3/test/20,T3,8,0.40834638,cka
T3/test/20,T3,9,0.29380763,cka
T3/test/20,T3,10,0.25342193,cka
T3/test/20,T3,11,0.48283818,cka
T3/test/21,T3,0,0.6572138,cka
T3/test/21,T3,1,0.7445385,cka
T3/test/21,T3,2,0.7848397,cka
T3/test/21,T3,3,0.76092803,cka
T3/test/21,T3,4,0.72826695,cka
T3/test/21,T3,5,0.61747086,cka
T3/test/21,T3,6,0.52308744,cka
T3/test/21,T3,7,0.49180332,cka
T3/test/21,T3,8,0.41566074,cka
T3/test/21,T3,9,0.34222564,cka
T3/test/21,T3,10,0.29282573,cka
T3/test/21,T3,11,0.4488397,cka
T3/test/22,T3,0,0.8195591,cka
T3/test/22,T3,1,0.87125164,cka
T3/test/22,T3,2,0.88544106,cka
T3/test/22,T3,3,0.86693454,cka
T3/test/22,T3,4,0.84496516,cka
T3/test/22,T3,5,0.7038085,cka
T3/test/22,T3,6,0.6243672,cka
T3/test/22,T3,7,0.59595895,cka
T3/test/22,T3,8,0.5117667,cka
T3/test/22,T3,9,0.48676243,cka
T3/test/22,T3,10,0.43851146,cka
T3/test/22,T3,11,0.6149673,cka
T3/test/23,T3,0,0.70324963,cka
T3/test/23,T3,1,0.7631251,cka
T3/test/23,T3,2,0.8074,cka
T3/test/23,T3,3,0.8276242,cka
T3/test/23,T3,4,0.7979565,cka
T3/test/23,T3,5,0.72951645,cka
T3/test/23,T3,6,0.6289993,cka
T3/test/23,T3,7,0.58288366,cka
T3/test/23,T3,8,0.4665321,cka
T3/test/23,T3,9,0.3642759,cka
T3/test/23,T3,10,0.3692757,cka
T3/test/23,T3,11,0.5763746,cka
T3/test/24,T3,0,0.70324963,cka
T3/test/24,T3,1,0.7631251,cka
T3/test/24,T3,2,0.8074,cka
T3/test/24,T3,3,0.8276242,cka
T3/test/24,T3,4,0.7979565,cka
T3/test/24,T3,5,0.72951645,cka
T3/test/24,T3,6,0.6289993,cka
T3/test/24,T3,7,0.58288366,cka
T3/test/24,T3,8,0.4665321,cka
T3/test/24,T3,9,0.3642759,cka
T3/test/24,T3,10,0.3692757,cka
T3/test/24,T3,11,0.5763746,cka
T3/test/25,T3,0,0.77521133,cka
T3/test/25,T3,1,0.82717586,cka
T3/test/25,T3,2,0.84940267,cka
T3/test/25,T3,3,0.8296685,cka
T3/test/25,T3,4,0.8052616,cka
T3/test/25,T3,5,0.7381573,cka
T3/test/25,T3,6,0.66540587,cka
T3/test/25,T3,7,0.6274007,cka
T3/test/25,T3,8,0.5636,cka
T3/test/25,T3,9,0.46840328,cka
T3/test/25,T3,10,0.3862218,cka
T3/test/25,T3,11,0.59139776,cka
T3/test/26,T3,0,0.7044296,cka
T3/test/26,T3,1,0.7702793,cka
T3/test/26,T3,2,0.80659324,cka
T3/test/26,T3,3,0.7911581,cka
T3/test/26,T3,4,0.7299676,cka
T3/test/26,T3,5,0.6415494,cka
T3/test/26,T3,6,0.52438456,cka
T3/test/26,T3,7,0.490498,cka
T3/test/26,T3,8,0.40834638,cka
T3/test/26,T3,9,0.29380763,cka
T3/test/26,T3,10,0.25342193,cka
T3/test/26,T3,11,0.48283818,cka
T3/test/27,T3,0,0.7658516,cka
T3/test/27,T3,1,0.83762467,cka
T3/test/27,T3,2,0.8562293,cka
T3/test/27,T3,3,0.8420351,cka
T3/test/27,T3,4,0.7905611,cka
T3/test/27,T3,5,0.66078985,cka
T3/test/27,T3,6,0.59337807,cka
T3/test/27,T3,7,0.54444635,cka
T3/test/27,T3,8,0.42305803,cka
T3/test/27,T3,9,0.30783626,cka
T3/test/27,T3,10,0.23860948,cka
T3/test/27,T3,11,0.43444067,cka
T3/test/28,T3,0,0.7658516,cka
T3/test/28,T3,1,0.83762467,cka
T3/test/28,T3,2,0.8562293,cka
T3/test/28,T3,3,0.8420351,cka
T3/test/28,T3,4,0.7905611,cka
T3/test/28,T3,5,0.66078985,cka
T3/test/28,T3,6,0.59337807,cka
T3/test/28,T3,7,0.54444635,cka
T3/test/28,T3,8,0.42305803,cka
T3/test/28,T3,9,0.30783626,cka
T3/test/28,T3,10,0.23860948,cka
T3/test/28,T3,11,0.43444067,cka
T3/test/29,T3,0,0.6572138,cka
T3/test/29,T3,1,0.7445385,cka
T3/test/29,T3,2,0.7848397,cka
T3/test/29,T3,3,0.76092803,cka
T3/test/29,T3,4,0.72826695,cka
T3/test/29,T3,5,0.61747086,cka
T3/test/29,T3,6,0.52308744,cka
T3/test/29,T3,7,0.49180332,cka
T3/test/29,T3,8,0.41566074,cka
T3/test/29,T3,9,0.34222564,cka
T3/test/29,T3,10,0.29282573,cka
T3/test/29,T3,11,0.4488397,cka
T4/test/0,T4,0,0.77104,cka
T4/test/0,T4,1,0.83028585,cka
T4/test/0,T4,2,0.8602211,cka
T4/test/0,T4,3,0.84446573,cka
T4/test/0,T4,4,0.7959521,cka
T4/test/0,T4,5,0.68376535,cka
T4/test/0,T4,6,0.6241521,cka
T4/test/0,T4,7,0.5820724,cka
T4/test/0,T4,8,0.5267471,cka
T4/test/0,T4,9,0.4723216,cka
T4/test/0,T4,10,0.43421298,cka
T4/test/0,T4,11,0.43907323,cka
T4/test/1,T4,0,0.69855255,cka
T4/test/1,T4,1,0.75424135,cka
T4/test/1,T4,2,0.79549444,cka
T4/test/1,T4,3,0.7985529,cka
T4/test/1,T4,4,0.76128674,cka
T4/test/1,T4,5,0.6712594,cka
T4/test/1,T4,6,0.55365795,cka
T4/test/1,T4,7,0.50090814,cka
T4/test/1,T4,8,0.4449091,cka
T4/test/1,T4,9,0.3756718,cka
T4/test/1,T4,10,0.33777723,cka
T4/test/1,T4,11,0.5066206,cka
T4/test/2,T4,0,0.69855255,cka
T4/test/2,T4,1,0.75424135,cka
T4/test/2,T4,2,0.79549444,cka
T4/test/2,T4,3,0.7985529,cka
T4/test/2,T4,4,0.76128674,cka
T4/test/2,T4,5,0.6712594,cka
T4/test/2,T4,6,0.55365795,cka
T4/test/2,T4,7,0.50090814,cka
T4/test/2,T4,8,0.4449091,cka
T4/test/2,T4,9,0.3756718,cka
T4/test/2,T4,10,0.33777723,cka
T4/test/2,T4,11,0.5066206,cka
T4/test/3,T4,0,0.6507797,cka
T4/test/3,T4,1,0.7590429,cka
T4/test/3,T4,2,0.7956007,cka
T4/test/3,T4,3,0.7879421,cka
T4/test/3,T4,4,0.7611298,cka
T4/test/3,T4,5,0.7002953,cka
T4/test/3,T4,6,0.6227429,cka
T4/test/3,T4,7,0.58238405,cka
T4/test/3,T4,8,0.5212396,cka
T4/test/3,T4,9,0.4463787,cka
T4/test/3,T4,10,0.3823592,cka
T4/test/3,T4,11,0.54885226,cka
T4/test/4,T4,0,0.617044,cka
T4/test/4,T4,1,0.69519275,cka
T4/test/4,T4,2,0.7532222,cka
T4/test/4,T4,3,0.754806,cka
T4/test/4,T4,4,0.7027694,cka
T4/test/4,T4,5,0.66841507,cka
T4/test/4,T4,6,0.6443377,cka
T4/test/4,T4,7,0.66194105,cka
T4/test/4,T4,8,0.67358637,cka
T4/test/4,T4,9,0.6432579,cka
T4/test/4,T4,10,0.63539493,cka
T4/test/4,T4,11,0.8060162,cka
T4/test/5,T4,0,0.77104,cka
T4/test/5,T4,1,0.83028585,cka
T4/test/5,T4,2,0.8602211,cka
T4/test/5,T4,3,0.84446573,cka
T4/test/5,T4,4,0.7959521,cka
T4/test/5,T4,5,0.68376535,cka
T4/test/5,T4,6,0.6241521,cka
T4/test/5,T4,7,0.5820724,cka
T4/test/5,T4,8,0.5267471,cka
T4/test/5,T4,9,0.4723216,cka
T4/test/5,T4,10,0.43421298,cka
T4/test/5,T4,11,0.43907323,cka
T4/test/6,T4,0,0.77104,cka
T4/test/6,T4,1,0.83028585,cka
T4/test/6,T4,2,0.8602211,cka
T4/test/6,T4,3,0.84446573,cka
T4/test/6,T4,4,0.7959521,cka
T4/test/6,T4,5,0.68376535,cka
T4/test/6,T4,6,0.6241521,cka
T4/test/6,T4,7,0.5820724,cka
T4/test/6,T4,8,0.5267471,cka
T4/test/6,T4,9,0.4723216,cka
T4/test/6,T4,10,0.43421298,cka
T4/test/6,T4,11,0.43907323,cka
T4/test/7,T4,0,0.69855255,cka
T4/test/7,T4,1,0.75424135,cka
T4/test/7,T4,2,0.79549444,cka
T4/test/7,T4,3,0.7985529,cka
T4/test/7,T4,4,0.76128674,cka
T4/test/7,T4,5,0.6712594,cka
T4/test/7,T4,6,0.55365795,cka
T4/test/7,T4,7,0.50090814,cka
T4/test/7,T4,8,0.4449091,cka
T4/test/7,T4,9,0.3756718,cka
T4/test/7,T4,10,0.33777723,cka
T4/test/7,T4,11,0.5066206,cka
T4/test/8,T4,0,0.6693754,cka
T4/test/8,T4,1,0.763253,cka
T4/test/8,T4,2,0.806834,cka
T4/test/8,T4,3,0.81478846,cka
T4/test/8,T4,4,0.8025305,cka
T4/test/8,T4,5,0.7272677,cka
T4/test/8,T4,6,0.6647027,cka
T4/test/8,T4,7,0.62306756,cka
T4/test/8,T4,8,0.5651102,cka
T4/test/8,T4,9,0.5120189,cka
T4/test/8,T4,10,0.49653152,cka
T4/test/8,T4,11,0.6335708,cka
T4/test/9,T4,0,0.7898519,cka
T4/test/9,T4,1,0.8478728,cka
T4/test/9,T4,2,0.87121826,cka
T4/test/9,T4,3,0.84790725,cka
T4/test/9,T4,4,0.7948444,cka
T4/test/9,T4,5,0.6701572,cka
T4/test/9,T4,6,0.5763817,cka
T4/test/9,T4,7,0.49982858,cka
T4/test/9,T4,8,0.41392553,cka
T4/test/9,T4,9,0.32840657,cka
T4/test/9,T4,10,0.28687626,cka
T4/test/9,T4,11,0.27386236,cka
T4/test/10,T4,0,0.617044,cka
T4/test/10,T4,1,0.69519275,cka
T4/test/10,T4,2,0.7532222,cka
T4/test/10,T4,3,0.754806,cka
T4/test/10,T4,4,0.7027694,cka
T4/test/10,T4,5,0.66841507,cka
T4/test/10,T4,6,0.6443377,cka
T4/test/10,T4,7,0.66194105,cka
T4/test/10,T4,8,0.67358637,cka
T4/test/10,T4,9,0.6432579,cka
T4/test/10,T4,10,0.63539493,cka
T4/test/10,T4,11,0.8060162,cka
T4/test/11,T4,0,0.7898519,cka
T4/test/11,T4,1,0.8478728,cka
T4/test/11,T4,2,0.87121826,cka
T4/test/11,T4,3,0.84790725,cka
T4/test/11,T4,4,0.7948444,cka
T4/test/11,T4,5,0.6701572,cka
T4/test/11,T4,6,0.5763817,cka
T4/test/11,T4,7,0.49982858,cka
T4/test/11,T4,8,0.41392553,cka
T4/test/11,T4,9,0.32840657,cka
T4/test/11,T4,10,0.28687626,cka
T4/test/11,T4,11,0.27386236,cka
T4/test/12,T4,0,0.77104,cka
T4/test/12,T4,1,0.83028585,cka
T4/test/12,T4,2,0.8602211,cka
T4/test/12,T4,3,0.84446573,cka
T4/test/12,T4,4,0.7959521,cka
T4/test/12,T4,5,0.68376535,cka
T4/test/12,T4,6,0.6241521,cka
T4/test/12,T4,7,0.5820724,cka
T4/test/12,T4,8,0.5267471,cka
T4/test/12,T4,9,0.4723216,cka
T4/test/12,T4,10,0.43421298,cka
T4/test/12,T4,11,0.43907323,cka
T4/test/13,T4,0,0.6693754,cka
T4/test/13,T4,1,0.763253,cka
T4/test/13,T4,2,0.806834,cka
T4/test/13,T4,3,0.81478846,cka
T4/test/13,T4,4,0.8025305,cka
T4/test/13,T4,5,0.7272677,cka
T4/test/13,T4,6,0.6647027,cka
T4/test/13,T4,7,0.62306756,cka
T4/test/13,T4,8,0.5651102,cka
T4/test/13,T4,9,0.5120189,cka
T4/test/13,T4,10,0.49653152,cka
T4/test/13,T4,11,0.6335708,cka
T4/test/14,T4,0,0.77104,cka
T4/test/14,T4,1,0.83028585,cka
T4/test/14,T4,2,0.8602211,cka
T4/test/14,T4,3,0.84446573,cka
T4/test/14,T4,4,0.7959521,cka
T4/test/14,T4,5,0.68376535,cka
T4/test/14,T4,6,0.6241521,cka
T4/test/14,T4,7,0.5820724,cka
T4/test/14,T4,8,0.5267471,cka
T4/test/14,T4,9,0.4723216,cka
T4/test/14,T4,10,0.43421298,cka
T4/test/14,T4,11,0.43907323,cka
T4/test/15,T4,0,0.77104,cka
T4/test/15,T4,1,0.83028585,cka
T4/test/15,T4,2,0.8602211,cka
T4/test/15,T4,3,0.84446573,cka
T4/test/15,T4,4,0.7959521,cka
T4/test/15,T4,5,0.68376535,cka
T4/test/15,T4,6,0.6241521,cka
T4/test/15,T4,7,0.5820724,cka
T4/test/15,T4,8,0.5267471,cka
T4/test/15,T4,9,0.4723216,cka
T4/test/15,T4,10,0.43421298,cka
T4/test/15,T4,11,0.43907323,cka
T4/test/16,T4,0,0.617044,cka
T4/test/16,T4,1,0.69519275,cka
T4/test/16,T4,2,0.7532222,cka
T4/test/16,T4,3,0.754806,cka
T4/test/16,T4,4,0.7027694,cka
T4/test/16,T4,5,0.66841507,cka
T4/test/16,T4,6,0.6443377,cka
T4/test/16,T4,7,0.66194105,cka
T4/test/16,T4,8,0.67358637,cka
T4/test/16,T4,9,0.6432579,cka
T4/test/16,T4,10,0.63539493,cka
T4/test/16,T4,11,0.8060162,cka
T4/test/17,T4,0,0.7898519,cka
T4/test/17,T4,1,0.8478728,cka
T4/test/17,T4,2,0.87121826,cka
T4/test/17,T4,3,0.84790725,cka
T4/test/17,T4,4,0.7948444,cka
T4/test/17,T4,5,0.6701572,cka
T4/test/17,T4,6,0.5763817,cka
T4/test/17,T4,7,0.49982858,cka
T4/test/17,T4,8,0.41392553,cka
T4/test/17,T4,9,0.32840657,cka
T4/test/17,T4,10,0.28687626,cka
T4/test/17,T4,11,0.27386236,cka
T4/test/18,T4,0,0.69855255,cka
T4/test/18,T4,1,0.75424135,cka
T4/test/18,T4,2,0.79549444,cka
T4/test/18,T4,3,0.7985529,cka
T4/test/18,T4,4,0.76128674,cka
T4/test/18,T4,5,0.6712594,cka
T4/test/18,T4,6,0.55365795,cka
T4/test/18,T4,7,0.50090814,cka
T4/test/18,T4,8,0.4449091,cka
T4/test/18,T4,9,0.3756718,cka
T4/test/18,T4,10,0.33777723,cka
T4/test/18,T4,11,0.5066206,cka
T4/test/19,T4,0,0.6507797,cka
T4/test/19,T4,1,0.7590429,cka
T4/test/19,T4,2,0.7956007,cka
T4/test/19,T4,3,0.7879421,cka
T4/test/19,T4,4,0.7611298,cka
T4/test/19,T4,5,0.7002953,cka
T4/test/19,T4,6,0.6227429,cka
T4/test/19,T4,7,0.58238405,cka
T4/test/19,T4,8,0.5212396,cka
T4/test/19,T4,9,0.4463787,cka
T4/test/19,T4,10,0.3823592,cka
T4/test/19,T4,11,0.54885226,cka
T4/test/20,T4,0,0.617044,cka
T4/test/20,T4,1,0.69519275,cka
T4/test/20,T4,2,0.7532222,cka
T4/test/20,T4,3,0.754806,cka
T4/test/20,T4,4,0.7027694,cka
T4/test/20,T4,5,0.66841507,cka
T4/test/20,T4,6,0.6443377,cka
T4/test/20,T4,7,0.66194105,cka
T4/test/20,T4,8,0.67358637,cka
T4/test/20,T4,9,0.6432579,cka
T4/test/20,T4,10,0.63539493,cka
T4/test/20,T4,11,0.8060162,cka
T4/test/21,T4,0,0.6693754,cka
T4/test/21,T4,1,0.763253,cka
T4/test/21,T4,2,0.806834,cka
T4/test/21,T4,3,0.81478846,cka
T4/test/21,T4,4,0.8025305,cka
T4/test/21,T4,5,0.7272677,cka
T4/test/21,T4,6,0.6647027,cka
T4/test/21,T4,7,0.62306756,cka
T4/test/21,T4,8,0.5651102,cka
T4/test/21,T4,9,0.5120189,cka
T4/test/21,T4,10,0.49653152,cka
T4/test/21,T4,11,0.6335708,cka
T4/test/22,T4,0,0.7898519,cka
T4/test/22,T4,1,0.8478728,cka
T4/test/22,T4,2,0.87121826,cka
T4/test/22,T4,3,0.84790725,cka
T4/test/22,T4,4,0.7948444,cka
T4/test/22,T4,5,0.6701572,cka
T4/test/22,T4,6,0.5763817,cka
T4/test/22,T4,7,0.49982858,cka
T4/test/22,T4,8,0.41392553,cka
T4/test/22,T4,9,0.32840657,cka
T4/test/22,T4,10,0.28687626,cka
T4/test/22,T4,11,0.27386236,cka
T4/test/23,T4,0,0.69855255,cka
T4/test/23,T4,1,0.75424135,cka
T4/test/23,T4,2,0.79549444,cka
T4/test/23,T4,3,0.7985529,cka
T4/test/23,T4,4,0.76128674,cka
T4/test/23,T4,5,0.6712594,cka
T4/test/23,T4,6,0.55365795,cka
T4/test/23,T4,7,0.50090814,cka
T4/test/23,T4,8,0.4449091,cka
T4/test/23,T4,9,0.3756718,cka
T4/test/23,T4,10,0.33777723,cka
T4/test/23,T4,11,0.5066206,cka
T4/test/24,T4,0,0.69855255,cka
T4/test/24,T4,1,0.75424135,cka
T4/test/24,T4,2,0.79549444,cka
T4/test/24,T4,3,0.7985529,cka
T4/test/24,T4,4,0.76128674,cka
T4/test/24,T4,5,0.6712594,cka
T4/test/24,T4,6,0.55365795,cka
T4/test/24,T4,7,0.50090814,cka
T4/test/24,T4,8,0.4449091,cka
T4/test/24,T4,9,0.3756718,cka
T4/test/24,T4,10,0.33777723,cka
T4/test/24,T4,11,0.5066206,cka
T4/test/25,T4,0,0.6507797,cka
T4/test/25,T4,1,0.7590429,cka
T4/test/25,T4,2,0.7956007,cka
T4/test/25,T4,3,0.7879421,cka
T4/test/25,T4,4,0.7611298,cka
T4/test/25,T4,5,0.7002953,cka
T4/test/25,T4,6,0.6227429,cka
T4/test/25,T4,7,0.58238405,cka
T4/test/25,T4,8,0.5212396,cka
T4/test/25,T4,9,0.4463787,cka
T4/test/25,T4,10,0.3823592,cka
T4/test/25,T4,11,0.54885226,cka
T4/test/26,T4,0,0.617044,cka
T4/test/26,T4,1,0.69519275,cka
T4/test/26,T4,2,0.7532222,cka
T4/test/26,T4,3,0.754806,cka
T4/test/26,T4,4,0.7027694,cka
T4/test/26,T4,5,0.66841507,cka
T4/test/26,T4,6,0.6443377,cka
T4/test/26,T4,7,0.66194105,cka
T4/test/26,T4,8,0.67358637,cka
T4/test/26,T4,9,0.6432579,cka
T4/test/26,T4,10,0.63539493,cka
T4/test/26,T4,11,0.8060162,cka
T4/test/27,T4,0,0.77104,cka
T4/test/27,T4,1,0.83028585,cka
T4/test/27,T4,2,0.8602211,cka
T4/test/27,T4,3,0.84446573,cka
T4/test/27,T4,4,0.7959521,cka
T4/test/27,T4,5,0.68376535,cka
T4/test/27,T4,6,0.6241521,cka
T4/test/27,T4,7,0.5820724,cka
T4/test/27,T4,8,0.5267471,cka
T4/test/27,T4,9,0.4723216,cka
T4/test/27,T4,10,0.43421298,cka
T4/test/27,T4,11,0.43907323,cka
T4/test/28,T4,0,0.77104,cka
T4/test/28,T4,1,0.83028585,cka
T4/test/28,T4,2,0.8602211,cka
T4/test/28,T4,3,0.84446573,cka
T4/test/28,T4,4,0.7959521,cka
T4/test/28,T4,5,0.68376535,cka
T4/test/28,T4,6,0.6241521,cka
T4/test/28,T4,7,0.5820724,cka
T4/test/28,T4,8,0.5267471,cka
T4/test/28,T4,9,0.4723216,cka
T4/test/28,T4,10,0.43421298,cka
T4/test/28,T4,11,0.43907323,cka
T4/test/29,T4,0,0.6693754,cka
T4/test/29,T4,1,0.763253,cka
T4/test/29,T4,2,0.806834,cka
T4/test/29,T4,3,0.81478846,cka
T4/test/29,T4,4,0.8025305,cka
T4/test/29,T4,5,0.7272677,cka
T4/test/29,T4,6,0.6647027,cka
T4/test/29,T4,7,0.62306756,cka
T4/test/29,T4,8,0.5651102,cka
T4/test/29,T4,9,0.5120189,cka
T4/test/29,T4,10,0.49653152,cka
T4/test/29,T4,11,0.6335708,cka
T5/test/0,T5,0,0.5721984,cka
T5/test/0,T5,1,0.60501283,cka
T5/test/0,T5,2,0.61418474,cka
T5/test/0,T5,3,0.5854246,cka
T5/test/0,T5,4,0.52408916,cka
T5/test/0,T5,5,0.4024681,cka
T5/test/0,T5,6,0.32557827,cka
T5/test/0,T5,7,0.29910347,cka
T5/test/0,T5,8,0.22719668,cka
T5/test/0,T5,9,0.1521162,cka
T5/test/0,T5,10,0.10823588,cka
T5/test/0,T5,11,0.15749548,cka
T5/test/1,T5,0,0.53912556,cka
T5/test/1,T5,1,0.5720192,cka
T5/test/1,T5,2,0.5810697,cka
T5/test/1,T5,3,0.5433817,cka
T5/test/1,T5,4,0.5157563,cka
T5/test/1,T5,5,0.41883925,cka
T5/test/1,T5,6,0.3723936,cka
T5/test/1,T5,7,0.3418384,cka
T5/test/1,T5,8,0.28134102,cka
T5/test/1,T5,9,0.20656522,cka
T5/test/1,T5,10,0.14707477,cka
T5/test/1,T5,11,0.39153185,cka
T5/test/2,T5,0,0.53912556,cka
T5/test/2,T5,1,0.5720192,cka
T5/test/2,T5,2,0.5810697,cka
T5/test/2,T5,3,0.5433817,cka
T5/test/2,T5,4,0.5157563,cka
T5/test/2,T5,5,0.41883925,cka
T5/test/2,T5,6,0.3723936,cka
T5/test/2,T5,7,0.3418384,cka
T5/test/2,T5,8,0.28134102,cka
T5/test/2,T5,9,0.20656522,cka
T5/test/2,T5,10,0.14707477,cka
T5/test/2,T5,11,0.39153185,cka
T5/test/3,T5,0,0.52534497,cka
T5/test/3,T5,1,0.5943779,cka
T5/test/3,T5,2,0.6020811,cka
T5/test/3,T5,3,0.5785949,cka
T5/test/3,T5,4,0.55208427,cka
T5/test/3,T5,5,0.4508504,cka
T5/test/3,T5,6,0.41760695,cka
T5/test/3,T5,7,0.40519977,cka
T5/test/3,T5,8,0.35591865,cka
T5/test/3,T5,9,0.34194446,cka
T5/test/3,T5,10,0.33080462,cka
T5/test/3,T5,11,0.5955042,cka
T5/test/4,T5,0,0.5246351,cka
T5/test/4,T5,1,0.5760521,cka
T5/test/4,T5,2,0.59085745,cka
T5/test/4,T5,3,0.5596174,cka
T5/test/4,T5,4,0.5402928,cka
T5/test/4,T5,5,0.432396,cka
T5/test/4,T5,6,0.3763382,cka
T5/test/4,T5,7,0.35321537,cka
T5/test/4,T5,8,0.30183852,cka
T5/test/4,T5,9,0.28184983,cka
T5/test/4,T5,10,0.27848452,cka
T5/test/4,T5,11,0.65411925,cka
T5/test/5,T5,0,0.5721984,cka
T5/test/5,T5,1,0.60501283,cka
T5/test/5,T5,2,0.61418474,cka
T5/test/5,T5,3,0.5854246,cka
T5/test/5,T5,4,0.52408916,cka
T5/test/5,T5,5,0.4024681,cka
T5/test/5,T5,6,0.32557827,cka
T5/test/5,T5,7,0.29910347,cka
T5/test/5,T5,8,0.22719668,cka
T5/test/5,T5,9,0.1521162,cka
T5/test/5,T5,10,0.10823588,cka
T5/test/5,T5,11,0.15749548,cka
T5/test/6,T5,0,0.5721984,cka
T5/test/6,T5,1,0.60501283,cka
T5/test/6,T5,2,0.61418474,cka
T5/test/6,T5,3,0.5854246,cka
T5/test/6,T5,4,0.52408916,cka
T5/test/6,T5,5,0.4024681,cka
T5/test/6,T5,6,0.32557827,cka
T5/test/6,T5,7,0.29910347,cka
T5/test/6,T5,8,0.22719668,cka
T5/test/6,T5,9,0.1521162,cka
T5/test/6,T5,10,0.10823588,cka
T5/test/6,T5,11,0.15749548,cka
T5/test/7,T5,0,0.53912556,cka
T5/test/7,T5,1,0.5720192,cka
T5/test/7,T5,2,0.5810697,cka
T5/test/7,T5,3,0.5433817,cka
T5/test/7,T5,4,0.5157563,cka
T5/test/7,T5,5,0.41883925,cka
T5/test/7,T5,6,0.3723936,cka
T5/test/7,T5,7,0.3418384,cka
T5/test/7,T5,8,0.28134102,cka
T5/test/7,T5,9,0.20656522,cka
T5/test/7,T5,10,0.14707477,cka
T5/test/7,T5,11,0.39153185,cka
T5/test/8,T5,0,0.5232512,cka
T5/test/8,T5,1,0.5715419,cka
T5/test/8,T5,2,0.58570915,cka
T5/test/8,T5,3,0.5653615,cka
T5/test/8,T5,4,0.5263314,cka
T5/test/8,T5,5,0.42034978,cka
T5/test/8,T5,6,0.37241304,cka
T5/test/8,T5,7,0.35957363,cka
T5/test/8,T5,8,0.26217,cka
T5/test/8,T5,9,0.19459502,cka
T5/test/8,T5,10,0.15291736,cka
T5/test/8,T5,11,0.44977167,cka
T5/test/9,T5,0,0.7519978,cka
T5/test/9,T5,1,0.8159121,cka
T5/test/9,T5,2,0.8331399,cka
T5/test/9,T5,3,0.80587655,cka
T5/test/9,T5,4,0.75762945,cka
T5/test/9,T5,5,0.6291792,cka
T5/test/9,T5,6,0.5459064,cka
T5/test/9,T5,7,0.49970487,cka
T5/test/9,T5,8,0.3884613,cka
T5/test/9,T5,9,0.34943745,cka
T5/test/9,T5,10,0.30286613,cka
T5/test/9,T5,11,0.5731363,cka
T5/test/10,T5,0,0.5246351,cka
T5/test/10,T5,1,0.5760521,cka
T5/test/10,T5,2,0.59085745,cka
T5/test/10,T5,3,0.5596174,cka
T5/test/10,T5,4,0.5402928,cka
T5/test/10,T5,5,0.432396,cka
T5/test/10,T5,6,0.3763382,cka
T5/test/10,T5,7,0.35321537,cka
T5/test/10,T5,8,0.30183852,cka
T5/test/10,T5,9,0.28184983,cka
T5/test/10,T5,10,0.27848452,cka
T5/test/10,T5,11,0.65411925,cka
T5/test/11,T5,0,0.7519978,cka
T5/test/11,T5,1,0.8159121,cka
T5/test/11,T5,2,0.8331399,cka
T5/test/11,T5,3,0.80587655,cka
T5/test/11,T5,4,0.75762945,cka
T5/test/11,T5,5,0.6291792,cka
T5/test/11,T5,6,0.5459064,cka
T5/test/11,T5,7,0.49970487,cka
T5/test/11,T5,8,0.3884613,cka
T5/test/11,T5,9,0.34943745,cka
T5/test/11,T5,10,0.30286613,cka
T5/test/11,T5,11,0.5731363,cka
T5/test/12,T5,0,0.5721984,cka
T5/test/12,T5,1,0.60501283,cka
T5/test/12,T5,2,0.61418474,cka
T5/test/12,T5,3,0.5854246,cka
T5/test/12,T5,4,0.52408916,cka
T5/test/12,T5,5,0.4024681,cka
T5/test/12,T5,6,0.32557827,cka
T5/test/12,T5,7,0.29910347,cka
T5/test/12,T5,8,0.22719668,cka
T5/test/12,T5,9,0.1521162,cka
T5/test/12,T5,10,0.10823588,cka
T5/test/12,T5,11,0.15749548,cka
T5/test/13,T5,0,0.5232512,cka
T5/test/13,T5,1,0.5715419,cka
T5/test/13,T5,2,0.58570915,cka
T5/test/13,T5,3,0.5653615,cka
T5/test/13,T5,4,0.5263314,cka
T5/test/13,T5,5,0.42034978,cka
T5/test/13,T5,6,0.37241304,cka
T5/test/13,T5,7,0.35957363,cka
T5/test/13,T5,8,0.26217,cka
T5/test/13,T5,9,0.19459502,cka
T5/test/13,T5,10,0.15291736,cka
T5/test/13,T5,11,0.44977167,cka
T5/test/14,T5,0,0.5721984,cka
T5/test/14,T5,1,0.60501283,cka
T5/test/14,T5,2,0.61418474,cka
T5/test/14,T5,3,0.5854246,cka
T5/test/14,T5,4,0.52408916,cka
T5/test/14,T5,5,0.4024681,cka
T5/test/14,T5,6,0.32557827,cka
T5/test/14,T5,7,0.29910347,cka
T5/test/14,T5,8,0.22719668,cka
T5/test/14,T5,9,0.1521162,cka
T5/test/14,T5,10,0.10823588,cka
T5/test/14,T5,11,0.15749548,cka
T5/test/15,T5,0,0.5721984,cka
T5/test/15,T5,1,0.60501283,cka
T5/test/15,T5,2,0.61418474,cka
T5/test/15,T5,3,0.5854246,cka
T5/test/15,T5,4,0.52408916,cka
T5/test/15,T5,5,0.4024681,cka
T5/test/15,T5,6,0.32557827,cka
T5/test/15,T5,7,0.29910347,cka
T5/test/15,T5,8,0.22719668,cka
T5/test/15,T5,9,0.1521162,cka
T5/test/15,T5,10,0.10823588,cka
T5/test/15,T5,11,0.15749548,cka
T5/test/16,T5,0,0.5246351,cka
T5/test/16,T5,1,0.5760521,cka
T5/test/16,T5,2,0.59085745,cka
T5/test/16,T5,3,0.5596174,cka
T5/test/16,T5,4,0.5402928,cka
T5/test/16,T5,5,0.432396,cka
T5/test/16,T5,6,0.3763382,cka
T5/test/16,T5,7,0.35321537,cka
T5/test/16,T5,8,0.30183852,cka
T5/test/16,T5,9,0.28184983,cka
T5/test/16,T5,10,0.27848452,cka
T5/test/16,T5,11,0.65411925,cka
T5/test/17,T5,0,0.7519978,cka
T5/test/17,T5,1,0.8159121,cka
T5/test/17,T5,2,0.8331399,cka
T5/test/17,T5,3,0.80587655,cka
T5/test/17,T5,4,0.75762945,cka
T5/test/17,T5,5,0.6291792,cka
T5/test/17,T5,6,0.5459064,cka
T5/test/17,T5,7,0.49970487,cka
T5/test/17,T5,8,0.3884613,cka
T5/test/17,T5,9,0.34943745,cka
T5/test/17,T5,10,0.30286613,cka
T5/test/17,T5,11,0.5731363,cka
T5/test/18,T5,0,0.53912556,cka
T5/test/18,T5,1,0.5720192,cka
T5/test/18,T5,2,0.5810697,cka
T5/test/18,T5,3,0.5433817,cka
T5/test/18,T5,4,0.5157563,cka
T5/test/18,T5,5,0.41883925,cka
T5/test/18,T5,6,0.3723936,cka
T5/test/18,T5,7,0.3418384,cka
T5/test/18,T5,8,0.28134102,cka
T5/test/18,T5,9,0.20656522,cka
T5/test/18,T5,10,0.14707477,cka
T5/test/18,T5,11,0.39153185,cka
T5/test/19,T5,0,0.52534497,cka
T5/test/19,T5,1,0.5943779,cka
T5/test/19,T5,2,0.6020811,cka
T5/test/19,T5,3,0.5785949,cka
T5/test/19,T5,4,0.55208427,cka
T5/test/19,T5,5,0.4508504,cka
T5/test/19,T5,6,0.41760695,cka
T5/test/19,T5,7,0.40519977,cka
T5/test/19,T5,8,0.35591865,cka
T5/test/19,T5,9,0.34194446,cka
T5/test/19,T5,10,0.33080462,cka
T5/test/19,T5,11,0.5955042,cka
T5/test/20,T5,0,0.5246351,cka
T5/test/20,T5,1,0.5760521,cka
T5/test/20,T5,2,0.59085745,cka
T5/test/20,T5,3,0.5596174,cka
T5/test/20,T5,4,0.5402928,cka
T5/test/20,T5,5,0.432396,cka
T5/test/20,T5,6,0.3763382,cka
T5/test/20,T5,7,0.35321537,cka
T5/test/20,T5,8,0.30183852,cka
T5/test/20,T5,9,0.28184983,cka
T5/test/20,T5,10,0.27848452,cka
T5/test/20,T5,11,0.65411925,cka
T5/test/21,T5,0,0.5232512,cka
T5/test/21,T5,1,0.5715419,cka
T5/test/21,T5,2,0.58570915,cka
T5/test/21,T5,3,0.5653615,cka
T5/test/21,T5,4,0.5263314,cka
T5/test/21,T5,5,0.42034978,cka
T5/test/21,T5,6,0.37241304,cka
T5/test/21,T5,7,0.35957363,cka
T5/test/21,T5,8,0.26217,cka
T5/test/21,T5,9,0.19459502,cka
T5/test/21,T5,10,0.15291736,cka
T5/test/21,T5,11,0.44977167,cka
T5/test/22,T5,0,0.7519978,cka
T5/test/22,T5,1,0.8159121,cka
T5/test/22,T5,2,0.8331399,cka
T5/test/22,T5,3,0.80587655,cka
T5/test/22,T5,4,0.75762945,cka
T5/test/22,T5,5,0.6291792,cka
T5/test/22,T5,6,0.5459064,cka
T5/test/22,T5,7,0.49970487,cka
T5/test/22,T5,8,0.3884613,cka
T5/test/22,T5,9,0.34943745,cka
T5/test/22,T5,10,0.30286613,cka
T5/test/22,T5,11,0.5731363,cka
T5/test/23,T5,0,0.53912556,cka
T5/test/23,T5,1,0.5720192,cka
T5/test/23,T5,2,0.5810697,cka
T5/test/23,T5,3,0.5433817,cka
T5/test/23,T5,4,0.5157563,cka
T5/test/23,T5,5,0.41883925,cka
T5/test/23,T5,6,0.3723936,cka
T5/test/23,T5,7,0.3418384,cka
T5/test/23,T5,8,0.28134102,cka
T5/test/23,T5,9,0.20656522,cka
T5/test/23,T5,10,0.14707477,cka
T5/test/23,T5,11,0.39153185,cka
T5/test/24,T5,0,0.53912556,cka
T5/test/24,T5,1,0.5720192,cka
T5/test/24,T5,2,0.5810697,cka
T5/test/24,T5,3,0.5433817,cka
T5/test/24,T5,4,0.5157563,cka
T5/test/24,T5,5,0.41883925,cka
T5/test/24,T5,6,0.3723936,cka
T5/test/24,T5,7,0.3418384,cka
T5/test/24,T5,8,0.28134102,cka
T5/test/24,T5,9,0.20656522,cka
T5/test/24,T5,10,0.14707477,cka
T5/test/24,T5,11,0.39153185,cka
T5/test/25,T5,0,0.52534497,cka
T5/test/25,T5,1,0.5943779,cka
T5/test/25,T5,2,0.6020811,cka
T5/test/25,T5,3,0.5785949,cka
T5/test/25,T5,4,0.55208427,cka
T5/test/25,T5,5,0.4508504,cka
T5/test/25,T5,6,0.41760695,cka
T5/test/25,T5,7,0.40519977,cka
T5/test/25,T5,8,0.35591865,cka
T5/test/25,T5,9,0.34194446,cka
T5/test/25,T5,10,0.33080462,cka
T5/test/25,T5,11,0.5955042,cka
T5/test/26,T5,0,0.5246351,cka
T5/test/26,T5,1,0.5760521,cka
T5/test/26,T5,2,0.59085745,cka
T5/test/26,T5,3,0.5596174,cka
T5/test/26,T5,4,0.5402928,cka
T5/test/26,T5,5,0.432396,cka
T5/test/26,T5,6,0.3763382,cka
T5/test/26,T5,7,0.35321537,cka
T5/test/26,T5,8,0.30183852,cka
T5/test/26,T5,9,0.28184983,cka
T5/test/26,T5,10,0.27848452,cka
T5/test/26,T5,11,0.65411925,cka
T5/test/27,T5,0,0.5721984,cka
T5/test/27,T5,1,0.60501283,cka
T5/test/27,T5,2,0.61418474,cka
T5/test/27,T5,3,0.5854246,cka
T5/test/27,T5,4,0.52408916,cka
T5/test/27,T5,5,0.4024681,cka
T5/test/27,T5,6,0.32557827,cka
T5/test/27,T5,7,0.29910347,cka
T5/test/27,T5,8,0.22719668,cka
T5/test/27,T5,9,0.1521162,cka
T5/test/27,T5,10,0.10823588,cka
T5/test/27,T5,11,0.15749548,cka
T5/test/28,T5,0,0.5721984,cka
T5/test/28,T5,1,0.60501283,cka
T5/test/28,T5,2,0.61418474,cka
T5/test/28,T5,3,0.5854246,cka
T5/test/28,T5,4,0.52408916,cka
T5/test/28,T5,5,0.4024681,cka
T5/test/28,T5,6,0.32557827,cka
T5/test/28,T5,7,0.29910347,cka
T5/test/28,T5,8,0.22719668,cka
T5/test/28,T5,9,0.1521162,cka
T5/test/28,T5,10,0.10823588,cka
T5/test/28,T5,11,0.15749548,cka
T5/test/29,T5,0,0.5232512,cka
T5/test/29,T5,1,0.5715419,cka
T5/test/29,T5,2,0.58570915,cka
T5/test/29,T5,3,0.5653615,cka
T5/test/29,T5,4,0.5263314,cka
T5/test/29,T5,5,0.42034978,cka
T5/test/29,T5,6,0.37241304,cka
T5/test/29,T5,7,0.35957363,cka
T5/test/29,T5,8,0.26217,cka
T5/test/29,T5,9,0.19459502,cka
T5/test/29,T5,10,0.15291736,cka
T5/test/29,T5,11,0.44977167,cka
